year,month,anomaly,month_name,ice_cover
1850,1,-0.702,Jan,22
1851,1,-0.303,Jan,23
1852,1,-0.308,Jan,23
1853,1,-0.177,Jan,25
1854,1,-0.36,Jan,30
1855,1,-0.176,Jan,29
1856,1,-0.119,Jan,25
1857,1,-0.512,Jan,26
1858,1,-0.532,Jan,26
1859,1,-0.307,Jan,23
1860,1,-0.186,Jan,24
1861,1,-0.89,Jan,18
1862,1,-0.749,Jan,15
1863,1,0.131,Jan,15
1864,1,-0.937,Jan,15
1865,1,-0.093,Jan,15
1866,1,0.039,Jan,17
1867,1,-0.305,Jan,13
1868,1,-0.704,Jan,15
1869,1,-0.259,Jan,18
1870,1,-0.078,Jan,25
1871,1,-0.527,Jan,19
1872,1,-0.305,Jan,26
1873,1,-0.018,Jan,26
1874,1,0.054,Jan,23
1875,1,-0.577,Jan,26
1876,1,-0.311,Jan,26
1877,1,-0.325,Jan,25
1878,1,0.173,Jan,29
1879,1,-0.197,Jan,29
1880,1,-0.064,Jan,34
1881,1,-0.362,Jan,35
1882,1,0.114,Jan,38
1883,1,-0.409,Jan,42
1884,1,-0.418,Jan,41
1885,1,-0.508,Jan,46
1886,1,-0.401,Jan,48
1887,1,-0.566,Jan,48
1888,1,-0.603,Jan,43
1889,1,-0.054,Jan,44
1890,1,-0.324,Jan,44
1891,1,-0.515,Jan,39
1892,1,-0.407,Jan,37
1893,1,-0.962,Jan,36
1894,1,-0.454,Jan,39
1895,1,-0.497,Jan,41
1896,1,-0.224,Jan,43
1897,1,-0.203,Jan,40
1898,1,-0.084,Jan,43
1899,1,-0.212,Jan,42
1900,1,-0.246,Jan,43
1901,1,-0.182,Jan,46
1902,1,-0.239,Jan,47
1903,1,-0.274,Jan,46
1904,1,-0.641,Jan,48
1905,1,-0.471,Jan,48
1906,1,-0.073,Jan,50
1907,1,-0.443,Jan,54
1908,1,-0.423,Jan,49
1909,1,-0.583,Jan,54
1910,1,-0.359,Jan,56
1911,1,-0.558,Jan,59
1912,1,-0.362,Jan,55
1913,1,-0.465,Jan,58
1914,1,-0.092,Jan,59
1915,1,-0.117,Jan,49
1916,1,-0.245,Jan,49
1917,1,-0.684,Jan,49
1918,1,-0.505,Jan,47
1919,1,-0.098,Jan,42
1920,1,-0.244,Jan,46
1921,1,-0.137,Jan,54
1922,1,-0.398,Jan,56
1923,1,-0.23,Jan,62
1924,1,-0.315,Jan,61
1925,1,-0.398,Jan,62
1926,1,0.09,Jan,63
1927,1,-0.254,Jan,61
1928,1,-0.05,Jan,62
1929,1,-0.479,Jan,63
1930,1,-0.33,Jan,62
1931,1,-0.002,Jan,63
1932,1,0.162,Jan,64
1933,1,-0.285,Jan,64
1934,1,-0.218,Jan,66
1935,1,-0.223,Jan,64
1936,1,-0.298,Jan,70
1937,1,-0.121,Jan,69
1938,1,0.019,Jan,69
1939,1,-0.066,Jan,68
1940,1,-0.185,Jan,58
1941,1,-0.096,Jan,59
1942,1,0.212,Jan,54
1943,1,-0.202,Jan,51
1944,1,0.29,Jan,57
1945,1,-0.003,Jan,54
1946,1,0.101,Jan,51
1947,1,-0.116,Jan,59
1948,1,0.089,Jan,60
1949,1,0.15,Jan,67
1950,1,-0.333,Jan,70
1951,1,-0.355,Jan,73
1952,1,0.182,Jan,74
1953,1,0.067,Jan,76
1954,1,-0.237,Jan,73
1955,1,0.125,Jan,74
1956,1,-0.248,Jan,76
1957,1,-0.167,Jan,79
1958,1,0.269,Jan,79
1959,1,0.087,Jan,80
1960,1,-0.029,Jan,81
1961,1,0.046,Jan,83
1962,1,0.055,Jan,85
1963,1,-0.05,Jan,85
1964,1,-0.045,Jan,86
1965,1,-0.103,Jan,83
1966,1,-0.096,Jan,86
1967,1,-0.167,Jan,86
1968,1,-0.242,Jan,86
1969,1,-0.171,Jan,88
1970,1,0.072,Jan,88
1971,1,-0.097,Jan,86
1972,1,-0.376,Jan,88
1973,1,0.146,Jan,88
1974,1,-0.376,Jan,89
1975,1,-0.071,Jan,86
1976,1,-0.23,Jan,85
1977,1,-0.081,Jan,87
1978,1,0.014,Jan,87
1979,1,-0.038,Jan,91
1980,1,0.133,Jan,89
1981,1,0.334,Jan,88
1982,1,-0.048,Jan,88
1983,1,0.431,Jan,89
1984,1,0.12,Jan,90
1985,1,0.008,Jan,89
1986,1,0.127,Jan,89
1987,1,0.112,Jan,90
1988,1,0.39,Jan,89
1989,1,0.015,Jan,88
1990,1,0.222,Jan,87
1991,1,0.288,Jan,85
1992,1,0.366,Jan,87
1993,1,0.312,Jan,86
1994,1,0.178,Jan,86
1995,1,0.419,Jan,86
1996,1,0.115,Jan,87
1997,1,0.206,Jan,86
1998,1,0.483,Jan,86
1999,1,0.347,Jan,85
2000,1,0.227,Jan,86
2001,1,0.363,Jan,84
2002,1,0.661,Jan,85
2003,1,0.596,Jan,85
2004,1,0.502,Jan,86
2005,1,0.55,Jan,87
2006,1,0.385,Jan,86
2007,1,0.832,Jan,86
2008,1,0.171,Jan,86
2009,1,0.481,Jan,86
2010,1,0.561,Jan,86
2011,1,0.313,Jan,87
2012,1,0.306,Jan,86
2013,1,0.45,Jan,84
2014,1,0.523,Jan,82
2015,1,0.688,Jan,84
1850,2,-0.284,Feb,20
1851,2,-0.362,Feb,22
1852,2,-0.477,Feb,22
1853,2,-0.33,Feb,26
1854,2,-0.28,Feb,29
1855,2,-0.4,Feb,30
1856,2,-0.373,Feb,27
1857,2,-0.344,Feb,26
1858,2,-0.707,Feb,26
1859,2,-0.192,Feb,24
1860,2,-0.428,Feb,20
1861,2,-0.506,Feb,16
1862,2,-0.773,Feb,14
1863,2,-0.02,Feb,14
1864,2,-0.63,Feb,16
1865,2,-0.602,Feb,14
1866,2,-0.212,Feb,16
1867,2,0.022,Feb,15
1868,2,-0.466,Feb,14
1869,2,0.27,Feb,18
1870,2,-0.45,Feb,25
1871,2,-0.546,Feb,18
1872,2,-0.402,Feb,23
1873,2,-0.345,Feb,23
1874,2,-0.44,Feb,25
1875,2,-0.613,Feb,26
1876,2,-0.265,Feb,28
1877,2,0.057,Feb,25
1878,2,0.404,Feb,29
1879,2,-0.154,Feb,32
1880,2,-0.176,Feb,35
1881,2,-0.238,Feb,36
1882,2,-0.009,Feb,38
1883,2,-0.322,Feb,41
1884,2,-0.217,Feb,43
1885,2,-0.411,Feb,47
1886,2,-0.455,Feb,49
1887,2,-0.556,Feb,46
1888,2,-0.453,Feb,45
1889,2,-0.095,Feb,44
1890,2,-0.366,Feb,38
1891,2,-0.467,Feb,39
1892,2,-0.121,Feb,39
1893,2,-0.723,Feb,37
1894,2,-0.379,Feb,38
1895,2,-0.678,Feb,38
1896,2,-0.233,Feb,41
1897,2,-0.124,Feb,40
1898,2,-0.378,Feb,42
1899,2,-0.501,Feb,41
1900,2,-0.164,Feb,40
1901,2,-0.27,Feb,47
1902,2,-0.27,Feb,45
1903,2,-0.204,Feb,48
1904,2,-0.603,Feb,48
1905,2,-0.697,Feb,48
1906,2,-0.238,Feb,53
1907,2,-0.519,Feb,50
1908,2,-0.417,Feb,52
1909,2,-0.543,Feb,52
1910,2,-0.517,Feb,54
1911,2,-0.767,Feb,58
1912,2,-0.297,Feb,55
1913,2,-0.515,Feb,62
1914,2,-0.226,Feb,60
1915,2,-0.057,Feb,48
1916,2,-0.186,Feb,50
1917,2,-0.762,Feb,46
1918,2,-0.524,Feb,46
1919,2,-0.079,Feb,43
1920,2,-0.425,Feb,48
1921,2,-0.179,Feb,53
1922,2,-0.273,Feb,60
1923,2,-0.414,Feb,60
1924,2,-0.202,Feb,63
1925,2,-0.305,Feb,63
1926,2,-0.042,Feb,62
1927,2,-0.146,Feb,65
1928,2,-0.138,Feb,63
1929,2,-0.666,Feb,64
1930,2,-0.293,Feb,62
1931,2,-0.151,Feb,64
1932,2,-0.191,Feb,64
1933,2,-0.315,Feb,62
1934,2,-0.16,Feb,63
1935,2,0.105,Feb,65
1936,2,-0.354,Feb,71
1937,2,0.039,Feb,69
1938,2,0.019,Feb,68
1939,2,-0.043,Feb,69
1940,2,-0.033,Feb,56
1941,2,-0.019,Feb,60
1942,2,-0.078,Feb,59
1943,2,0.068,Feb,53
1944,2,0.14,Feb,57
1945,2,-0.086,Feb,55
1946,2,0.046,Feb,53
1947,2,-0.18,Feb,63
1948,2,-0.126,Feb,62
1949,2,-0.145,Feb,66
1950,2,-0.245,Feb,70
1951,2,-0.463,Feb,72
1952,2,0.135,Feb,76
1953,2,0.146,Feb,75
1954,2,-0.088,Feb,72
1955,2,-0.166,Feb,74
1956,2,-0.348,Feb,78
1957,2,-0.129,Feb,79
1958,2,0.183,Feb,80
1959,2,0.03,Feb,83
1960,2,0.102,Feb,81
1961,2,0.185,Feb,83
1962,2,0.139,Feb,84
1963,2,0.152,Feb,83
1964,2,-0.124,Feb,85
1965,2,-0.244,Feb,84
1966,2,-0.094,Feb,85
1967,2,-0.235,Feb,86
1968,2,-0.214,Feb,85
1969,2,-0.17,Feb,86
1970,2,0.143,Feb,86
1971,2,-0.291,Feb,87
1972,2,-0.287,Feb,88
1973,2,0.276,Feb,88
1974,2,-0.406,Feb,88
1975,2,-0.092,Feb,87
1976,2,-0.323,Feb,86
1977,2,0.079,Feb,87
1978,2,-0.038,Feb,87
1979,2,-0.14,Feb,90
1980,2,0.219,Feb,89
1981,2,0.196,Feb,88
1982,2,0.005,Feb,90
1983,2,0.31,Feb,90
1984,2,0.017,Feb,90
1985,2,-0.138,Feb,89
1986,2,0.089,Feb,90
1987,2,0.302,Feb,90
1988,2,0.229,Feb,91
1989,2,0.147,Feb,90
1990,2,0.307,Feb,89
1991,2,0.292,Feb,87
1992,2,0.321,Feb,86
1993,2,0.252,Feb,86
1994,2,-0.052,Feb,86
1995,2,0.595,Feb,86
1996,2,0.323,Feb,86
1997,2,0.318,Feb,86
1998,2,0.763,Feb,86
1999,2,0.589,Feb,85
2000,2,0.455,Feb,86
2001,2,0.325,Feb,85
2002,2,0.705,Feb,86
2003,2,0.453,Feb,85
2004,2,0.611,Feb,87
2005,2,0.395,Feb,87
2006,2,0.562,Feb,87
2007,2,0.56,Feb,85
2008,2,0.245,Feb,88
2009,2,0.441,Feb,86
2010,2,0.577,Feb,87
2011,2,0.327,Feb,87
2012,2,0.302,Feb,86
2013,2,0.486,Feb,83
2014,2,0.313,Feb,82
2015,2,0.66,Feb,83
1850,3,-0.732,Mar,19
1851,3,-0.485,Mar,20
1852,3,-0.505,Mar,22
1853,3,-0.318,Mar,27
1854,3,-0.284,Mar,29
1855,3,-0.303,Mar,27
1856,3,-0.513,Mar,25
1857,3,-0.434,Mar,26
1858,3,-0.55,Mar,27
1859,3,-0.334,Mar,22
1860,3,-0.643,Mar,21
1861,3,-0.465,Mar,14
1862,3,-0.402,Mar,15
1863,3,-0.356,Mar,15
1864,3,-0.509,Mar,15
1865,3,-0.639,Mar,13
1866,3,-0.595,Mar,14
1867,3,-0.714,Mar,17
1868,3,-0.07,Mar,16
1869,3,-0.589,Mar,20
1870,3,-0.406,Mar,25
1871,3,0.013,Mar,21
1872,3,-0.471,Mar,22
1873,3,-0.275,Mar,26
1874,3,-0.562,Mar,26
1875,3,-0.598,Mar,28
1876,3,-0.383,Mar,27
1877,3,-0.293,Mar,27
1878,3,0.342,Mar,27
1879,3,-0.097,Mar,34
1880,3,-0.105,Mar,32
1881,3,-0.187,Mar,36
1882,3,-0.053,Mar,38
1883,3,-0.342,Mar,41
1884,3,-0.459,Mar,40
1885,3,-0.484,Mar,46
1886,3,-0.415,Mar,51
1887,3,-0.458,Mar,46
1888,3,-0.543,Mar,44
1889,3,-0.068,Mar,42
1890,3,-0.46,Mar,38
1891,3,-0.371,Mar,36
1892,3,-0.459,Mar,40
1893,3,-0.374,Mar,39
1894,3,-0.38,Mar,38
1895,3,-0.527,Mar,38
1896,3,-0.384,Mar,41
1897,3,-0.276,Mar,38
1898,3,-0.752,Mar,40
1899,3,-0.542,Mar,42
1900,3,-0.276,Mar,39
1901,3,-0.246,Mar,45
1902,3,-0.393,Mar,47
1903,3,-0.355,Mar,47
1904,3,-0.659,Mar,49
1905,3,-0.461,Mar,47
1906,3,-0.293,Mar,50
1907,3,-0.343,Mar,48
1908,3,-0.636,Mar,53
1909,3,-0.689,Mar,53
1910,3,-0.485,Mar,52
1911,3,-0.701,Mar,57
1912,3,-0.385,Mar,54
1913,3,-0.534,Mar,62
1914,3,-0.335,Mar,59
1915,3,-0.193,Mar,48
1916,3,-0.405,Mar,49
1917,3,-0.826,Mar,48
1918,3,-0.446,Mar,47
1919,3,-0.302,Mar,42
1920,3,-0.123,Mar,47
1921,3,-0.251,Mar,54
1922,3,-0.269,Mar,58
1923,3,-0.408,Mar,63
1924,3,-0.27,Mar,62
1925,3,-0.223,Mar,60
1926,3,-0.022,Mar,62
1927,3,-0.326,Mar,66
1928,3,-0.339,Mar,62
1929,3,-0.406,Mar,64
1930,3,-0.155,Mar,62
1931,3,-0.12,Mar,64
1932,3,-0.237,Mar,65
1933,3,-0.341,Mar,64
1934,3,-0.388,Mar,67
1935,3,-0.222,Mar,67
1936,3,-0.293,Mar,71
1937,3,-0.273,Mar,70
1938,3,0.064,Mar,70
1939,3,-0.26,Mar,68
1940,3,-0.107,Mar,55
1941,3,-0.141,Mar,61
1942,3,-0.087,Mar,59
1943,3,-0.2,Mar,54
1944,3,0.148,Mar,58
1945,3,-0.039,Mar,53
1946,3,-0.063,Mar,52
1947,3,-0.066,Mar,60
1948,3,-0.175,Mar,61
1949,3,-0.178,Mar,69
1950,3,-0.178,Mar,73
1951,3,-0.298,Mar,72
1952,3,-0.13,Mar,74
1953,3,0.13,Mar,74
1954,3,-0.155,Mar,73
1955,3,-0.405,Mar,75
1956,3,-0.311,Mar,78
1957,3,-0.185,Mar,80
1958,3,-0.004,Mar,80
1959,3,0.08,Mar,82
1960,3,-0.316,Mar,82
1961,3,0.096,Mar,83
1962,3,0.027,Mar,84
1963,3,-0.142,Mar,82
1964,3,-0.276,Mar,84
1965,3,-0.215,Mar,84
1966,3,-0.063,Mar,84
1967,3,-0.052,Mar,85
1968,3,0.036,Mar,85
1969,3,-0.004,Mar,83
1970,3,-0.069,Mar,87
1971,3,-0.286,Mar,85
1972,3,-0.134,Mar,86
1973,3,0.226,Mar,86
1974,3,-0.233,Mar,87
1975,3,-0.075,Mar,84
1976,3,-0.442,Mar,85
1977,3,0.104,Mar,86
1978,3,0.027,Mar,87
1979,3,0.014,Mar,89
1980,3,0.072,Mar,88
1981,3,0.207,Mar,89
1982,3,-0.127,Mar,90
1983,3,0.209,Mar,89
1984,3,0.05,Mar,88
1985,3,-0.026,Mar,89
1986,3,0.076,Mar,89
1987,3,0.024,Mar,89
1988,3,0.268,Mar,89
1989,3,0.135,Mar,89
1990,3,0.562,Mar,87
1991,3,0.19,Mar,87
1992,3,0.252,Mar,86
1993,3,0.244,Mar,86
1994,3,0.22,Mar,85
1995,3,0.325,Mar,87
1996,3,0.186,Mar,86
1997,3,0.347,Mar,85
1998,3,0.558,Mar,86
1999,3,0.228,Mar,84
2000,3,0.382,Mar,85
2001,3,0.515,Mar,84
2002,3,0.699,Mar,86
2003,3,0.459,Mar,85
2004,3,0.525,Mar,86
2005,3,0.56,Mar,85
2006,3,0.463,Mar,87
2007,3,0.524,Mar,86
2008,3,0.55,Mar,88
2009,3,0.406,Mar,86
2010,3,0.678,Mar,87
2011,3,0.425,Mar,86
2012,3,0.358,Mar,84
2013,3,0.401,Mar,83
2014,3,0.561,Mar,81
2015,3,0.681,Mar,84
1850,4,-0.57,Apr,19
1851,4,-0.445,Apr,21
1852,4,-0.559,Apr,23
1853,4,-0.352,Apr,24
1854,4,-0.349,Apr,28
1855,4,-0.217,Apr,28
1856,4,-0.371,Apr,26
1857,4,-0.646,Apr,25
1858,4,-0.517,Apr,26
1859,4,-0.203,Apr,20
1860,4,-0.335,Apr,21
1861,4,-0.395,Apr,13
1862,4,-0.24,Apr,15
1863,4,-0.241,Apr,14
1864,4,-0.538,Apr,15
1865,4,-0.224,Apr,14
1866,4,-0.263,Apr,15
1867,4,-0.251,Apr,15
1868,4,-0.371,Apr,16
1869,4,-0.224,Apr,20
1870,4,-0.214,Apr,23
1871,4,-0.144,Apr,25
1872,4,-0.15,Apr,24
1873,4,-0.521,Apr,24
1874,4,-0.507,Apr,26
1875,4,-0.462,Apr,26
1876,4,-0.3,Apr,24
1877,4,-0.325,Apr,26
1878,4,0.324,Apr,28
1879,4,-0.215,Apr,32
1880,4,-0.147,Apr,30
1881,4,-0.133,Apr,36
1882,4,-0.283,Apr,40
1883,4,-0.394,Apr,38
1884,4,-0.529,Apr,43
1885,4,-0.472,Apr,46
1886,4,-0.336,Apr,46
1887,4,-0.436,Apr,45
1888,4,-0.243,Apr,47
1889,4,0.013,Apr,41
1890,4,-0.319,Apr,41
1891,4,-0.36,Apr,37
1892,4,-0.483,Apr,37
1893,4,-0.562,Apr,38
1894,4,-0.379,Apr,38
1895,4,-0.408,Apr,36
1896,4,-0.35,Apr,39
1897,4,-0.07,Apr,41
1898,4,-0.569,Apr,41
1899,4,-0.347,Apr,42
1900,4,-0.252,Apr,38
1901,4,-0.193,Apr,45
1902,4,-0.449,Apr,46
1903,4,-0.472,Apr,47
1904,4,-0.553,Apr,46
1905,4,-0.555,Apr,48
1906,4,-0.114,Apr,50
1907,4,-0.508,Apr,50
1908,4,-0.545,Apr,53
1909,4,-0.609,Apr,54
1910,4,-0.453,Apr,51
1911,4,-0.719,Apr,55
1912,4,-0.336,Apr,56
1913,4,-0.433,Apr,57
1914,4,-0.388,Apr,59
1915,4,-0.056,Apr,49
1916,4,-0.344,Apr,48
1917,4,-0.476,Apr,47
1918,4,-0.492,Apr,43
1919,4,-0.074,Apr,42
1920,4,-0.265,Apr,46
1921,4,-0.228,Apr,54
1922,4,-0.235,Apr,57
1923,4,-0.361,Apr,59
1924,4,-0.28,Apr,59
1925,4,-0.276,Apr,61
1926,4,-0.169,Apr,60
1927,4,-0.26,Apr,66
1928,4,-0.255,Apr,64
1929,4,-0.389,Apr,64
1930,4,-0.193,Apr,62
1931,4,-0.18,Apr,64
1932,4,-0.066,Apr,65
1933,4,-0.218,Apr,63
1934,4,-0.249,Apr,64
1935,4,-0.267,Apr,64
1936,4,-0.202,Apr,68
1937,4,-0.128,Apr,68
1938,4,0.085,Apr,66
1939,4,-0.095,Apr,67
1940,4,0.065,Apr,54
1941,4,0.023,Apr,59
1942,4,-0.061,Apr,57
1943,4,0.006,Apr,50
1944,4,0.056,Apr,57
1945,4,0.167,Apr,51
1946,4,0.135,Apr,56
1947,4,0.096,Apr,59
1948,4,-0.042,Apr,60
1949,4,0.009,Apr,68
1950,4,-0.165,Apr,67
1951,4,-0.105,Apr,69
1952,4,0.055,Apr,72
1953,4,0.195,Apr,70
1954,4,-0.151,Apr,71
1955,4,-0.244,Apr,72
1956,4,-0.335,Apr,74
1957,4,-0.064,Apr,77
1958,4,0.038,Apr,78
1959,4,0.046,Apr,76
1960,4,-0.176,Apr,80
1961,4,0.097,Apr,80
1962,4,0.025,Apr,80
1963,4,-0.067,Apr,82
1964,4,-0.244,Apr,82
1965,4,-0.255,Apr,82
1966,4,-0.107,Apr,81
1967,4,-0.068,Apr,82
1968,4,-0.17,Apr,82
1969,4,0.108,Apr,83
1970,4,0.058,Apr,84
1971,4,-0.237,Apr,84
1972,4,-0.079,Apr,84
1973,4,0.162,Apr,83
1974,4,-0.179,Apr,83
1975,4,-0.088,Apr,84
1976,4,-0.196,Apr,83
1977,4,0.094,Apr,84
1978,4,-0.062,Apr,85
1979,4,-0.048,Apr,88
1980,4,0.14,Apr,87
1981,4,0.128,Apr,85
1982,4,0.026,Apr,86
1983,4,0.115,Apr,87
1984,4,-0.041,Apr,86
1985,4,-0.035,Apr,87
1986,4,0.082,Apr,89
1987,4,0.093,Apr,87
1988,4,0.228,Apr,88
1989,4,0.08,Apr,87
1990,4,0.367,Apr,87
1991,4,0.385,Apr,84
1992,4,0.144,Apr,83
1993,4,0.131,Apr,85
1994,4,0.206,Apr,83
1995,4,0.284,Apr,86
1996,4,0.13,Apr,84
1997,4,0.273,Apr,84
1998,4,0.636,Apr,83
1999,4,0.327,Apr,83
2000,4,0.479,Apr,83
2001,4,0.453,Apr,83
2002,4,0.465,Apr,84
2003,4,0.437,Apr,85
2004,4,0.479,Apr,86
2005,4,0.603,Apr,83
2006,4,0.407,Apr,85
2007,4,0.581,Apr,85
2008,4,0.331,Apr,87
2009,4,0.515,Apr,84
2010,4,0.679,Apr,86
2011,4,0.48,Apr,85
2012,4,0.575,Apr,83
2013,4,0.439,Apr,80
2014,4,0.657,Apr,82
2015,4,0.656,Apr,82
1850,5,-0.325,May,18
1851,5,-0.302,May,20
1852,5,-0.209,May,23
1853,5,-0.268,May,25
1854,5,-0.23,May,28
1855,5,-0.336,May,29
1856,5,-0.119,May,27
1857,5,-0.567,May,26
1858,5,-0.651,May,25
1859,5,-0.31,May,21
1860,5,-0.29,May,20
1861,5,-0.761,May,12
1862,5,-0.232,May,17
1863,5,-0.32,May,17
1864,5,-0.449,May,14
1865,5,-0.26,May,15
1866,5,-0.528,May,14
1867,5,-0.542,May,15
1868,5,-0.069,May,17
1869,5,-0.281,May,20
1870,5,-0.165,May,21
1871,5,-0.315,May,22
1872,5,-0.039,May,25
1873,5,-0.411,May,24
1874,5,-0.466,May,22
1875,5,-0.176,May,26
1876,5,-0.53,May,26
1877,5,-0.449,May,25
1878,5,-0.083,May,26
1879,5,-0.211,May,35
1880,5,-0.241,May,30
1881,5,-0.03,May,33
1882,5,-0.373,May,37
1883,5,-0.253,May,39
1884,5,-0.392,May,47
1885,5,-0.521,May,46
1886,5,-0.191,May,45
1887,5,-0.354,May,43
1888,5,-0.349,May,44
1889,5,-0.079,May,42
1890,5,-0.425,May,41
1891,5,-0.207,May,40
1892,5,-0.401,May,37
1893,5,-0.551,May,37
1894,5,-0.426,May,37
1895,5,-0.415,May,39
1896,5,-0.207,May,37
1897,5,-0.028,May,44
1898,5,-0.471,May,44
1899,5,-0.311,May,43
1900,5,-0.276,May,41
1901,5,-0.197,May,42
1902,5,-0.405,May,47
1903,5,-0.464,May,48
1904,5,-0.538,May,48
1905,5,-0.343,May,50
1906,5,-0.336,May,51
1907,5,-0.552,May,49
1908,5,-0.474,May,52
1909,5,-0.589,May,52
1910,5,-0.473,May,54
1911,5,-0.602,May,54
1912,5,-0.377,May,56
1913,5,-0.509,May,59
1914,5,-0.28,May,58
1915,5,-0.218,May,48
1916,5,-0.363,May,50
1917,5,-0.655,May,45
1918,5,-0.424,May,40
1919,5,-0.265,May,47
1920,5,-0.191,May,49
1921,5,-0.204,May,53
1922,5,-0.382,May,55
1923,5,-0.321,May,60
1924,5,-0.239,May,62
1925,5,-0.258,May,61
1926,5,-0.219,May,61
1927,5,-0.259,May,66
1928,5,-0.286,May,65
1929,5,-0.389,May,64
1930,5,-0.197,May,64
1931,5,-0.165,May,63
1932,5,-0.168,May,65
1933,5,-0.211,May,61
1934,5,-0.079,May,64
1935,5,-0.242,May,64
1936,5,-0.15,May,68
1937,5,-0.079,May,66
1938,5,-0.087,May,67
1939,5,-0.027,May,66
1940,5,0.026,May,58
1941,5,-0.02,May,58
1942,5,-0.01,May,55
1943,5,-0.013,May,51
1944,5,0.068,May,55
1945,5,-0.099,May,50
1946,5,-0.121,May,55
1947,5,-0.06,May,59
1948,5,0.109,May,58
1949,5,-0.043,May,66
1950,5,-0.087,May,68
1951,5,-0.013,May,67
1952,5,0.04,May,71
1953,5,0.138,May,72
1954,5,-0.207,May,72
1955,5,-0.235,May,71
1956,5,-0.28,May,73
1957,5,0.052,May,74
1958,5,0.035,May,76
1959,5,-0.012,May,75
1960,5,-0.154,May,78
1961,5,0.087,May,79
1962,5,-0.044,May,79
1963,5,-0.021,May,79
1964,5,-0.175,May,79
1965,5,-0.159,May,80
1966,5,-0.141,May,81
1967,5,0.073,May,81
1968,5,-0.221,May,82
1969,5,0.126,May,82
1970,5,-0.036,May,83
1971,5,-0.215,May,80
1972,5,-0.065,May,81
1973,5,0.086,May,83
1974,5,-0.195,May,82
1975,5,-0.083,May,83
1976,5,-0.317,May,82
1977,5,0.069,May,82
1978,5,-0.089,May,83
1979,5,-0.03,May,89
1980,5,0.139,May,85
1981,5,0.066,May,83
1982,5,0.043,May,83
1983,5,0.135,May,84
1984,5,0.09,May,84
1985,5,-0.002,May,86
1986,5,0.044,May,86
1987,5,0.143,May,86
1988,5,0.21,May,85
1989,5,0.079,May,86
1990,5,0.28,May,87
1991,5,0.302,May,83
1992,5,0.178,May,84
1993,5,0.179,May,81
1994,5,0.271,May,82
1995,5,0.216,May,84
1996,5,0.216,May,84
1997,5,0.286,May,85
1998,5,0.573,May,84
1999,5,0.245,May,82
2000,5,0.28,May,82
2001,5,0.414,May,82
2002,5,0.425,May,84
2003,5,0.477,May,84
2004,5,0.315,May,85
2005,5,0.52,May,83
2006,5,0.401,May,84
2007,5,0.447,May,85
2008,5,0.34,May,86
2009,5,0.441,May,85
2010,5,0.591,May,86
2011,5,0.384,May,85
2012,5,0.574,May,81
2013,5,0.52,May,80
2014,5,0.599,May,79
2015,5,0.696,May,83
1850,6,-0.213,Jun,21
1851,6,-0.189,Jun,21
1852,6,-0.038,Jun,24
1853,6,-0.179,Jun,27
1854,6,-0.215,Jun,27
1855,6,-0.16,Jun,29
1856,6,-0.288,Jun,26
1857,6,-0.31,Jun,24
1858,6,-0.58,Jun,23
1859,6,-0.25,Jun,19
1860,6,-0.307,Jun,18
1861,6,-0.183,Jun,13
1862,6,-0.338,Jun,17
1863,6,-0.402,Jun,17
1864,6,-0.162,Jun,17
1865,6,-0.27,Jun,15
1866,6,0.108,Jun,14
1867,6,-0.295,Jun,15
1868,6,-0.176,Jun,17
1869,6,-0.37,Jun,19
1870,6,-0.209,Jun,24
1871,6,-0.223,Jun,22
1872,6,-0.208,Jun,25
1873,6,-0.258,Jun,24
1874,6,-0.458,Jun,23
1875,6,-0.234,Jun,27
1876,6,-0.284,Jun,30
1877,6,-0.088,Jun,25
1878,6,0.015,Jun,27
1879,6,-0.27,Jun,36
1880,6,-0.308,Jun,34
1881,6,-0.229,Jun,34
1882,6,-0.317,Jun,37
1883,6,-0.119,Jun,40
1884,6,-0.413,Jun,47
1885,6,-0.488,Jun,43
1886,6,-0.387,Jun,49
1887,6,-0.406,Jun,44
1888,6,-0.291,Jun,43
1889,6,-0.149,Jun,42
1890,6,-0.378,Jun,41
1891,6,-0.3,Jun,39
1892,6,-0.466,Jun,36
1893,6,-0.463,Jun,35
1894,6,-0.493,Jun,38
1895,6,-0.332,Jun,40
1896,6,-0.124,Jun,41
1897,6,-0.162,Jun,41
1898,6,-0.322,Jun,45
1899,6,-0.392,Jun,43
1900,6,-0.184,Jun,40
1901,6,-0.159,Jun,42
1902,6,-0.449,Jun,48
1903,6,-0.551,Jun,51
1904,6,-0.526,Jun,48
1905,6,-0.329,Jun,49
1906,6,-0.296,Jun,54
1907,6,-0.528,Jun,51
1908,6,-0.478,Jun,50
1909,6,-0.52,Jun,53
1910,6,-0.486,Jun,55
1911,6,-0.574,Jun,53
1912,6,-0.32,Jun,55
1913,6,-0.51,Jun,61
1914,6,-0.29,Jun,58
1915,6,-0.221,Jun,47
1916,6,-0.473,Jun,47
1917,6,-0.351,Jun,46
1918,6,-0.332,Jun,42
1919,6,-0.252,Jun,47
1920,6,-0.215,Jun,46
1921,6,-0.117,Jun,53
1922,6,-0.32,Jun,58
1923,6,-0.244,Jun,62
1924,6,-0.216,Jun,60
1925,6,-0.254,Jun,58
1926,6,-0.092,Jun,61
1927,6,-0.238,Jun,65
1928,6,-0.344,Jun,62
1929,6,-0.35,Jun,66
1930,6,-0.162,Jun,62
1931,6,-0.036,Jun,63
1932,6,-0.194,Jun,64
1933,6,-0.26,Jun,59
1934,6,-0.042,Jun,60
1935,6,-0.185,Jun,66
1936,6,-0.162,Jun,69
1937,6,-0.008,Jun,68
1938,6,-0.059,Jun,66
1939,6,0.062,Jun,66
1940,6,0.037,Jun,57
1941,6,0.123,Jun,62
1942,6,0.034,Jun,54
1943,6,-0.094,Jun,51
1944,6,0.152,Jun,56
1945,6,0.006,Jun,52
1946,6,-0.266,Jun,53
1947,6,0.007,Jun,58
1948,6,0.075,Jun,59
1949,6,-0.186,Jun,66
1950,6,-0.074,Jun,66
1951,6,0.037,Jun,68
1952,6,0.04,Jun,72
1953,6,0.164,Jun,70
1954,6,-0.13,Jun,72
1955,6,-0.168,Jun,71
1956,6,-0.225,Jun,74
1957,6,0.084,Jun,73
1958,6,-0.016,Jun,75
1959,6,0.063,Jun,75
1960,6,-0.029,Jun,75
1961,6,0.108,Jun,79
1962,6,-0.054,Jun,79
1963,6,-0.033,Jun,78
1964,6,-0.159,Jun,79
1965,6,-0.11,Jun,79
1966,6,0.035,Jun,79
1967,6,-0.086,Jun,80
1968,6,-0.106,Jun,81
1969,6,0.023,Jun,81
1970,6,-0.014,Jun,82
1971,6,-0.233,Jun,81
1972,6,0.003,Jun,81
1973,6,0.11,Jun,84
1974,6,-0.151,Jun,81
1975,6,-0.084,Jun,82
1976,6,-0.25,Jun,81
1977,6,0.109,Jun,83
1978,6,-0.133,Jun,81
1979,6,0.058,Jun,88
1980,6,0.07,Jun,85
1981,6,0.123,Jun,83
1982,6,-0.049,Jun,82
1983,6,0.136,Jun,84
1984,6,-0.014,Jun,84
1985,6,-0.059,Jun,85
1986,6,0.051,Jun,85
1987,6,0.125,Jun,86
1988,6,0.224,Jun,86
1989,6,0.079,Jun,85
1990,6,0.279,Jun,85
1991,6,0.306,Jun,84
1992,6,0.127,Jun,82
1993,6,0.177,Jun,82
1994,6,0.265,Jun,81
1995,6,0.308,Jun,84
1996,6,0.17,Jun,84
1997,6,0.402,Jun,84
1998,6,0.592,Jun,83
1999,6,0.273,Jun,82
2000,6,0.275,Jun,82
2001,6,0.43,Jun,82
2002,6,0.476,Jun,83
2003,6,0.46,Jun,84
2004,6,0.328,Jun,85
2005,6,0.552,Jun,84
2006,6,0.525,Jun,85
2007,6,0.419,Jun,85
2008,6,0.362,Jun,86
2009,6,0.554,Jun,84
2010,6,0.587,Jun,87
2011,6,0.489,Jun,84
2012,6,0.557,Jun,81
2013,6,0.487,Jun,79
2014,6,0.618,Jun,80
2015,6,0.73,Jun,83
1850,7,-0.128,Jul,22
1851,7,-0.215,Jul,22
1852,7,-0.016,Jul,23
1853,7,-0.059,Jul,26
1854,7,-0.228,Jul,28
1855,7,-0.268,Jul,30
1856,7,-0.297,Jul,25
1857,7,-0.544,Jul,27
1858,7,-0.324,Jul,23
1859,7,-0.285,Jul,22
1860,7,-0.116,Jul,19
1861,7,-0.221,Jul,14
1862,7,-0.34,Jul,17
1863,7,-0.416,Jul,15
1864,7,-0.146,Jul,16
1865,7,-0.128,Jul,14
1866,7,0.027,Jul,15
1867,7,-0.231,Jul,15
1868,7,0.147,Jul,19
1869,7,-0.286,Jul,17
1870,7,0.016,Jul,25
1871,7,-0.011,Jul,21
1872,7,-0.115,Jul,23
1873,7,-0.162,Jul,24
1874,7,-0.174,Jul,24
1875,7,-0.302,Jul,28
1876,7,-0.134,Jul,29
1877,7,0.01,Jul,26
1878,7,-0.05,Jul,29
1879,7,-0.233,Jul,34
1880,7,-0.25,Jul,36
1881,7,-0.151,Jul,36
1882,7,-0.185,Jul,40
1883,7,-0.195,Jul,42
1884,7,-0.424,Jul,46
1885,7,-0.311,Jul,45
1886,7,-0.285,Jul,49
1887,7,-0.267,Jul,47
1888,7,-0.308,Jul,45
1889,7,-0.196,Jul,40
1890,7,-0.414,Jul,40
1891,7,-0.332,Jul,36
1892,7,-0.535,Jul,35
1893,7,-0.278,Jul,36
1894,7,-0.316,Jul,37
1895,7,-0.359,Jul,37
1896,7,-0.112,Jul,41
1897,7,-0.165,Jul,40
1898,7,-0.383,Jul,43
1899,7,-0.283,Jul,43
1900,7,-0.193,Jul,41
1901,7,-0.194,Jul,41
1902,7,-0.392,Jul,49
1903,7,-0.496,Jul,50
1904,7,-0.53,Jul,48
1905,7,-0.298,Jul,51
1906,7,-0.321,Jul,51
1907,7,-0.407,Jul,51
1908,7,-0.478,Jul,51
1909,7,-0.585,Jul,57
1910,7,-0.469,Jul,53
1911,7,-0.516,Jul,56
1912,7,-0.458,Jul,57
1913,7,-0.443,Jul,59
1914,7,-0.337,Jul,56
1915,7,-0.118,Jul,48
1916,7,-0.38,Jul,47
1917,7,-0.12,Jul,45
1918,7,-0.342,Jul,44
1919,7,-0.364,Jul,46
1920,7,-0.291,Jul,49
1921,7,-0.138,Jul,53
1922,7,-0.229,Jul,59
1923,7,-0.347,Jul,62
1924,7,-0.264,Jul,62
1925,7,-0.217,Jul,61
1926,7,-0.235,Jul,62
1927,7,-0.146,Jul,63
1928,7,-0.165,Jul,64
1929,7,-0.362,Jul,63
1930,7,-0.12,Jul,62
1931,7,0.007,Jul,62
1932,7,-0.128,Jul,63
1933,7,-0.185,Jul,62
1934,7,-0.064,Jul,64
1935,7,-0.144,Jul,65
1936,7,-0.022,Jul,67
1937,7,0.051,Jul,71
1938,7,-0.045,Jul,68
1939,7,0.052,Jul,64
1940,7,0.142,Jul,59
1941,7,0.116,Jul,62
1942,7,-0.074,Jul,54
1943,7,0,Jul,50
1944,7,0.221,Jul,55
1945,7,-0.08,Jul,49
1946,7,-0.048,Jul,59
1947,7,-0.006,Jul,62
1948,7,-0.109,Jul,62
1949,7,-0.089,Jul,67
1950,7,-0.039,Jul,68
1951,7,0.049,Jul,69
1952,7,0.099,Jul,70
1953,7,0.054,Jul,71
1954,7,-0.198,Jul,70
1955,7,-0.2,Jul,70
1956,7,-0.211,Jul,73
1957,7,0.003,Jul,73
1958,7,0.041,Jul,76
1959,7,0.03,Jul,76
1960,7,-0.027,Jul,77
1961,7,0.016,Jul,78
1962,7,0.016,Jul,78
1963,7,0.11,Jul,77
1964,7,-0.171,Jul,78
1965,7,-0.181,Jul,79
1966,7,0.031,Jul,79
1967,7,-0.066,Jul,80
1968,7,-0.103,Jul,81
1969,7,0.038,Jul,82
1970,7,-0.049,Jul,82
1971,7,-0.129,Jul,83
1972,7,-0.025,Jul,82
1973,7,0.025,Jul,83
1974,7,-0.125,Jul,82
1975,7,-0.109,Jul,81
1976,7,-0.185,Jul,81
1977,7,0.06,Jul,82
1978,7,-0.063,Jul,82
1979,7,0.054,Jul,87
1980,7,0.06,Jul,84
1981,7,0.094,Jul,82
1982,7,-0.019,Jul,83
1983,7,0.151,Jul,84
1984,7,-0.034,Jul,83
1985,7,-0.057,Jul,88
1986,7,0,Jul,85
1987,7,0.266,Jul,87
1988,7,0.181,Jul,84
1989,7,0.162,Jul,85
1990,7,0.234,Jul,84
1991,7,0.312,Jul,83
1992,7,-0.013,Jul,81
1993,7,0.133,Jul,82
1994,7,0.173,Jul,81
1995,7,0.327,Jul,85
1996,7,0.221,Jul,84
1997,7,0.366,Jul,84
1998,7,0.672,Jul,84
1999,7,0.291,Jul,82
2000,7,0.262,Jul,81
2001,7,0.465,Jul,82
2002,7,0.487,Jul,82
2003,7,0.477,Jul,84
2004,7,0.358,Jul,85
2005,7,0.55,Jul,84
2006,7,0.488,Jul,85
2007,7,0.441,Jul,85
2008,7,0.451,Jul,86
2009,7,0.539,Jul,85
2010,7,0.619,Jul,87
2011,7,0.51,Jul,84
2012,7,0.51,Jul,81
2013,7,0.514,Jul,80
2014,7,0.541,Jul,82
2015,7,0.696,Jul,83
1850,8,-0.233,Aug,22
1851,8,-0.153,Aug,23
1852,8,-0.195,Aug,24
1853,8,-0.148,Aug,29
1854,8,-0.163,Aug,32
1855,8,-0.159,Aug,30
1856,8,-0.305,Aug,27
1857,8,-0.327,Aug,28
1858,8,-0.28,Aug,24
1859,8,-0.104,Aug,22
1860,8,-0.193,Aug,20
1861,8,-0.107,Aug,15
1862,8,-0.694,Aug,16
1863,8,-0.321,Aug,16
1864,8,-0.31,Aug,17
1865,8,-0.207,Aug,15
1866,8,-0.261,Aug,14
1867,8,-0.225,Aug,14
1868,8,-0.037,Aug,18
1869,8,-0.072,Aug,22
1870,8,-0.262,Aug,22
1871,8,-0.221,Aug,26
1872,8,-0.027,Aug,25
1873,8,-0.161,Aug,27
1874,8,-0.368,Aug,24
1875,8,-0.183,Aug,27
1876,8,-0.241,Aug,27
1877,8,0.15,Aug,28
1878,8,-0.024,Aug,32
1879,8,-0.169,Aug,36
1880,8,-0.115,Aug,37
1881,8,-0.128,Aug,39
1882,8,-0.221,Aug,39
1883,8,-0.209,Aug,44
1884,8,-0.41,Aug,46
1885,8,-0.51,Aug,48
1886,8,-0.341,Aug,51
1887,8,-0.367,Aug,48
1888,8,-0.281,Aug,46
1889,8,-0.227,Aug,43
1890,8,-0.421,Aug,43
1891,8,-0.318,Aug,36
1892,8,-0.445,Aug,36
1893,8,-0.288,Aug,40
1894,8,-0.343,Aug,40
1895,8,-0.267,Aug,42
1896,8,-0.068,Aug,41
1897,8,-0.16,Aug,42
1898,8,-0.309,Aug,43
1899,8,-0.15,Aug,45
1900,8,-0.184,Aug,42
1901,8,-0.199,Aug,45
1902,8,-0.369,Aug,50
1903,8,-0.593,Aug,50
1904,8,-0.483,Aug,50
1905,8,-0.309,Aug,50
1906,8,-0.324,Aug,54
1907,8,-0.461,Aug,53
1908,8,-0.539,Aug,53
1909,8,-0.325,Aug,55
1910,8,-0.443,Aug,55
1911,8,-0.501,Aug,59
1912,8,-0.561,Aug,57
1913,8,-0.395,Aug,60
1914,8,-0.215,Aug,56
1915,8,-0.076,Aug,48
1916,8,-0.348,Aug,52
1917,8,-0.223,Aug,46
1918,8,-0.364,Aug,46
1919,8,-0.33,Aug,46
1920,8,-0.231,Aug,50
1921,8,-0.279,Aug,57
1922,8,-0.347,Aug,61
1923,8,-0.378,Aug,63
1924,8,-0.276,Aug,63
1925,8,-0.13,Aug,61
1926,8,-0.087,Aug,61
1927,8,-0.144,Aug,67
1928,8,-0.176,Aug,66
1929,8,-0.189,Aug,66
1930,8,-0.057,Aug,66
1931,8,-0.047,Aug,62
1932,8,-0.196,Aug,63
1933,8,-0.176,Aug,65
1934,8,-0.058,Aug,64
1935,8,-0.153,Aug,69
1936,8,-0.043,Aug,71
1937,8,0.082,Aug,70
1938,8,0.013,Aug,69
1939,8,0.04,Aug,63
1940,8,0.05,Aug,61
1941,8,0.019,Aug,64
1942,8,-0.061,Aug,56
1943,8,-0.001,Aug,54
1944,8,0.238,Aug,56
1945,8,0.364,Aug,51
1946,8,-0.146,Aug,62
1947,8,-0.038,Aug,62
1948,8,-0.001,Aug,62
1949,8,-0.038,Aug,68
1950,8,-0.112,Aug,70
1951,8,0.142,Aug,71
1952,8,0.094,Aug,73
1953,8,0.095,Aug,72
1954,8,-0.094,Aug,74
1955,8,-0.063,Aug,73
1956,8,-0.243,Aug,73
1957,8,0.094,Aug,76
1958,8,0.01,Aug,77
1959,8,0.048,Aug,77
1960,8,0.007,Aug,77
1961,8,0.03,Aug,80
1962,8,-0.003,Aug,80
1963,8,0.127,Aug,79
1964,8,-0.258,Aug,80
1965,8,-0.112,Aug,80
1966,8,-0.022,Aug,79
1967,8,-0.065,Aug,80
1968,8,-0.06,Aug,82
1969,8,0.051,Aug,82
1970,8,-0.09,Aug,82
1971,8,-0.168,Aug,82
1972,8,0.013,Aug,81
1973,8,0.018,Aug,84
1974,8,-0.082,Aug,82
1975,8,-0.179,Aug,83
1976,8,-0.201,Aug,83
1977,8,-0.001,Aug,84
1978,8,-0.188,Aug,82
1979,8,0.08,Aug,87
1980,8,0.036,Aug,84
1981,8,0.122,Aug,84
1982,8,-0.009,Aug,83
1983,8,0.198,Aug,85
1984,8,0.04,Aug,86
1985,8,0.03,Aug,87
1986,8,0.005,Aug,86
1987,8,0.233,Aug,87
1988,8,0.179,Aug,86
1989,8,0.181,Aug,84
1990,8,0.252,Aug,85
1991,8,0.261,Aug,84
1992,8,0.006,Aug,83
1993,8,0.096,Aug,83
1994,8,0.182,Aug,83
1995,8,0.354,Aug,85
1996,8,0.205,Aug,84
1997,8,0.438,Aug,84
1998,8,0.603,Aug,84
1999,8,0.223,Aug,84
2000,8,0.358,Aug,83
2001,8,0.5,Aug,84
2002,8,0.445,Aug,83
2003,8,0.55,Aug,85
2004,8,0.397,Aug,86
2005,8,0.54,Aug,85
2006,8,0.532,Aug,85
2007,8,0.443,Aug,86
2008,8,0.432,Aug,87
2009,8,0.589,Aug,87
2010,8,0.543,Aug,88
2011,8,0.488,Aug,85
2012,8,0.536,Aug,83
2013,8,0.533,Aug,80
2014,8,0.666,Aug,83
2015,8,0.732,Aug,84
1850,9,-0.444,Sep,24
1851,9,-0.108,Sep,19
1852,9,-0.125,Sep,21
1853,9,-0.409,Sep,28
1854,9,-0.115,Sep,28
1855,9,-0.339,Sep,27
1856,9,-0.459,Sep,26
1857,9,-0.393,Sep,26
1858,9,-0.339,Sep,23
1859,9,-0.575,Sep,20
1860,9,-0.229,Sep,18
1861,9,-0.331,Sep,15
1862,9,-0.413,Sep,17
1863,9,-0.324,Sep,14
1864,9,-0.439,Sep,14
1865,9,-0.075,Sep,14
1866,9,-0.225,Sep,14
1867,9,-0.095,Sep,14
1868,9,-0.196,Sep,20
1869,9,-0.186,Sep,22
1870,9,-0.263,Sep,21
1871,9,-0.457,Sep,21
1872,9,-0.128,Sep,25
1873,9,-0.357,Sep,24
1874,9,-0.212,Sep,24
1875,9,-0.274,Sep,24
1876,9,-0.434,Sep,23
1877,9,0.028,Sep,29
1878,9,0.018,Sep,30
1879,9,-0.213,Sep,33
1880,9,-0.233,Sep,33
1881,9,-0.244,Sep,37
1882,9,-0.155,Sep,39
1883,9,-0.278,Sep,45
1884,9,-0.342,Sep,47
1885,9,-0.333,Sep,47
1886,9,-0.433,Sep,46
1887,9,-0.343,Sep,45
1888,9,-0.216,Sep,43
1889,9,-0.381,Sep,41
1890,9,-0.477,Sep,39
1891,9,-0.204,Sep,35
1892,9,-0.325,Sep,37
1893,9,-0.44,Sep,40
1894,9,-0.465,Sep,40
1895,9,-0.286,Sep,40
1896,9,-0.111,Sep,41
1897,9,-0.142,Sep,44
1898,9,-0.335,Sep,41
1899,9,-0.14,Sep,46
1900,9,-0.223,Sep,42
1901,9,-0.349,Sep,45
1902,9,-0.37,Sep,47
1903,9,-0.528,Sep,50
1904,9,-0.485,Sep,49
1905,9,-0.322,Sep,48
1906,9,-0.388,Sep,49
1907,9,-0.413,Sep,54
1908,9,-0.458,Sep,49
1909,9,-0.402,Sep,54
1910,9,-0.443,Sep,54
1911,9,-0.511,Sep,50
1912,9,-0.563,Sep,55
1913,9,-0.428,Sep,61
1914,9,-0.261,Sep,47
1915,9,-0.141,Sep,48
1916,9,-0.343,Sep,49
1917,9,-0.123,Sep,46
1918,9,-0.238,Sep,43
1919,9,-0.232,Sep,46
1920,9,-0.137,Sep,47
1921,9,-0.162,Sep,54
1922,9,-0.283,Sep,60
1923,9,-0.321,Sep,62
1924,9,-0.279,Sep,63
1925,9,-0.189,Sep,59
1926,9,-0.104,Sep,62
1927,9,-0.132,Sep,65
1928,9,-0.223,Sep,63
1929,9,-0.267,Sep,62
1930,9,-0.078,Sep,61
1931,9,-0.047,Sep,62
1932,9,-0.037,Sep,64
1933,9,-0.234,Sep,64
1934,9,-0.094,Sep,63
1935,9,-0.136,Sep,67
1936,9,-0.105,Sep,69
1937,9,0.112,Sep,67
1938,9,0.063,Sep,67
1939,9,-0.072,Sep,57
1940,9,0.124,Sep,56
1941,9,-0.129,Sep,61
1942,9,0.005,Sep,52
1943,9,-0.014,Sep,53
1944,9,0.303,Sep,55
1945,9,0.162,Sep,46
1946,9,-0.007,Sep,55
1947,9,-0.075,Sep,59
1948,9,-0.057,Sep,59
1949,9,-0.072,Sep,68
1950,9,-0.106,Sep,69
1951,9,0.093,Sep,71
1952,9,0.098,Sep,71
1953,9,0.076,Sep,71
1954,9,-0.087,Sep,72
1955,9,-0.117,Sep,73
1956,9,-0.281,Sep,75
1957,9,0.038,Sep,75
1958,9,-0.052,Sep,75
1959,9,0.038,Sep,77
1960,9,0.062,Sep,78
1961,9,-0.029,Sep,79
1962,9,-0.014,Sep,80
1963,9,0.126,Sep,80
1964,9,-0.284,Sep,81
1965,9,-0.095,Sep,81
1966,9,-0.04,Sep,82
1967,9,-0.097,Sep,80
1968,9,-0.086,Sep,81
1969,9,0.015,Sep,83
1970,9,-0.039,Sep,82
1971,9,-0.123,Sep,83
1972,9,-0.059,Sep,82
1973,9,-0.038,Sep,82
1974,9,-0.129,Sep,82
1975,9,-0.126,Sep,83
1976,9,-0.164,Sep,81
1977,9,0.032,Sep,83
1978,9,-0.054,Sep,82
1979,9,0.092,Sep,86
1980,9,0.037,Sep,83
1981,9,0.072,Sep,82
1982,9,0.074,Sep,83
1983,9,0.188,Sep,85
1984,9,0.036,Sep,84
1985,9,-0.03,Sep,86
1986,9,0.013,Sep,85
1987,9,0.272,Sep,86
1988,9,0.188,Sep,86
1989,9,0.145,Sep,85
1990,9,0.175,Sep,84
1991,9,0.243,Sep,83
1992,9,-0.059,Sep,83
1993,9,0.062,Sep,82
1994,9,0.187,Sep,83
1995,9,0.252,Sep,85
1996,9,0.099,Sep,84
1997,9,0.475,Sep,84
1998,9,0.392,Sep,82
1999,9,0.298,Sep,83
2000,9,0.307,Sep,82
2001,9,0.418,Sep,82
2002,9,0.42,Sep,83
2003,9,0.542,Sep,85
2004,9,0.442,Sep,86
2005,9,0.566,Sep,85
2006,9,0.499,Sep,86
2007,9,0.459,Sep,86
2008,9,0.406,Sep,86
2009,9,0.564,Sep,85
2010,9,0.442,Sep,87
2011,9,0.454,Sep,85
2012,9,0.553,Sep,83
2013,9,0.535,Sep,79
2014,9,0.589,Sep,81
2015,9,0.784,Sep,84
1850,10,-0.452,Oct,23
1851,10,-0.063,Oct,20
1852,10,-0.216,Oct,22
1853,10,-0.359,Oct,29
1854,10,-0.188,Oct,30
1855,10,-0.211,Oct,25
1856,10,-0.384,Oct,28
1857,10,-0.467,Oct,27
1858,10,-0.2,Oct,21
1859,10,-0.255,Oct,21
1860,10,-0.198,Oct,18
1861,10,-0.355,Oct,16
1862,10,-0.42,Oct,16
1863,10,-0.381,Oct,14
1864,10,-0.701,Oct,15
1865,10,-0.272,Oct,13
1866,10,-0.417,Oct,13
1867,10,-0.179,Oct,15
1868,10,-0.232,Oct,20
1869,10,-0.422,Oct,23
1870,10,-0.393,Oct,19
1871,10,-0.479,Oct,21
1872,10,-0.225,Oct,25
1873,10,-0.402,Oct,24
1874,10,-0.436,Oct,29
1875,10,-0.371,Oct,25
1876,10,-0.385,Oct,26
1877,10,0.055,Oct,26
1878,10,-0.12,Oct,29
1879,10,-0.121,Oct,32
1880,10,-0.387,Oct,35
1881,10,-0.284,Oct,37
1882,10,-0.337,Oct,37
1883,10,-0.381,Oct,44
1884,10,-0.322,Oct,48
1885,10,-0.249,Oct,49
1886,10,-0.363,Oct,49
1887,10,-0.506,Oct,43
1888,10,-0.106,Oct,44
1889,10,-0.299,Oct,40
1890,10,-0.504,Oct,37
1891,10,-0.332,Oct,34
1892,10,-0.444,Oct,34
1893,10,-0.271,Oct,38
1894,10,-0.443,Oct,38
1895,10,-0.343,Oct,42
1896,10,-0.13,Oct,41
1897,10,-0.262,Oct,42
1898,10,-0.561,Oct,44
1899,10,-0.189,Oct,42
1900,10,-0.06,Oct,42
1901,10,-0.298,Oct,45
1902,10,-0.486,Oct,47
1903,10,-0.658,Oct,47
1904,10,-0.48,Oct,50
1905,10,-0.37,Oct,49
1906,10,-0.353,Oct,48
1907,10,-0.359,Oct,49
1908,10,-0.586,Oct,53
1909,10,-0.48,Oct,56
1910,10,-0.484,Oct,57
1911,10,-0.465,Oct,54
1912,10,-0.643,Oct,56
1913,10,-0.429,Oct,63
1914,10,-0.153,Oct,49
1915,10,-0.259,Oct,48
1916,10,-0.403,Oct,49
1917,10,-0.39,Oct,49
1918,10,-0.098,Oct,42
1919,10,-0.305,Oct,45
1920,10,-0.224,Oct,51
1921,10,-0.139,Oct,55
1922,10,-0.322,Oct,57
1923,10,-0.264,Oct,61
1924,10,-0.313,Oct,58
1925,10,-0.305,Oct,60
1926,10,-0.085,Oct,64
1927,10,-0.04,Oct,64
1928,10,-0.169,Oct,63
1929,10,-0.18,Oct,64
1930,10,-0.093,Oct,63
1931,10,-0.04,Oct,61
1932,10,-0.172,Oct,65
1933,10,-0.198,Oct,63
1934,10,-0.084,Oct,64
1935,10,-0.076,Oct,67
1936,10,-0.003,Oct,69
1937,10,0.121,Oct,67
1938,10,0.147,Oct,65
1939,10,-0.273,Oct,55
1940,10,0.013,Oct,56
1941,10,0.219,Oct,63
1942,10,-0.076,Oct,52
1943,10,0.237,Oct,51
1944,10,0.212,Oct,53
1945,10,0.185,Oct,49
1946,10,-0.048,Oct,57
1947,10,0.077,Oct,56
1948,10,0.031,Oct,60
1949,10,-0.032,Oct,67
1950,10,-0.125,Oct,66
1951,10,0.129,Oct,71
1952,10,-0.009,Oct,72
1953,10,0.073,Oct,72
1954,10,-0.036,Oct,72
1955,10,-0.164,Oct,72
1956,10,-0.23,Oct,76
1957,10,-0.013,Oct,76
1958,10,0.015,Oct,75
1959,10,-0.035,Oct,77
1960,10,-0.027,Oct,77
1961,10,-0.031,Oct,80
1962,10,0.045,Oct,80
1963,10,0.224,Oct,79
1964,10,-0.268,Oct,81
1965,10,-0.03,Oct,82
1966,10,-0.105,Oct,81
1967,10,0.06,Oct,80
1968,10,-0.018,Oct,80
1969,10,0.023,Oct,82
1970,10,-0.074,Oct,82
1971,10,-0.16,Oct,83
1972,10,0.002,Oct,84
1973,10,-0.041,Oct,83
1974,10,-0.215,Oct,83
1975,10,-0.228,Oct,81
1976,10,-0.313,Oct,82
1977,10,-0.006,Oct,83
1978,10,-0.116,Oct,82
1979,10,0.131,Oct,86
1980,10,0.007,Oct,84
1981,10,0.003,Oct,85
1982,10,0.005,Oct,84
1983,10,0.099,Oct,84
1984,10,-0.023,Oct,85
1985,10,0.021,Oct,87
1986,10,0.064,Oct,87
1987,10,0.2,Oct,86
1988,10,0.146,Oct,86
1989,10,0.154,Oct,85
1990,10,0.33,Oct,84
1991,10,0.187,Oct,83
1992,10,-0.05,Oct,83
1993,10,0.098,Oct,82
1994,10,0.307,Oct,84
1995,10,0.329,Oct,84
1996,10,0.135,Oct,84
1997,10,0.554,Oct,83
1998,10,0.404,Oct,83
1999,10,0.254,Oct,84
2000,10,0.222,Oct,82
2001,10,0.417,Oct,83
2002,10,0.407,Oct,83
2003,10,0.612,Oct,84
2004,10,0.472,Oct,85
2005,10,0.608,Oct,84
2006,10,0.562,Oct,86
2007,10,0.481,Oct,85
2008,10,0.547,Oct,87
2009,10,0.515,Oct,85
2010,10,0.496,Oct,87
2011,10,0.453,Oct,85
2012,10,0.556,Oct,83
2013,10,0.497,Oct,80
2014,10,0.626,Oct,83
2015,10,0.82,Oct,84
1850,11,-0.19,Nov,24
1851,11,-0.03,Nov,18
1852,11,-0.187,Nov,22
1853,11,-0.256,Nov,26
1854,11,-0.369,Nov,29
1855,11,-0.212,Nov,25
1856,11,-0.608,Nov,31
1857,11,-0.665,Nov,25
1858,11,-0.644,Nov,22
1859,11,-0.316,Nov,19
1860,11,-0.508,Nov,18
1861,11,-0.424,Nov,16
1862,11,-0.753,Nov,14
1863,11,-0.333,Nov,14
1864,11,-0.468,Nov,17
1865,11,-0.191,Nov,15
1866,11,-0.301,Nov,14
1867,11,-0.309,Nov,15
1868,11,-0.5,Nov,20
1869,11,-0.375,Nov,22
1870,11,-0.164,Nov,22
1871,11,-0.54,Nov,23
1872,11,-0.243,Nov,24
1873,11,-0.466,Nov,27
1874,11,-0.503,Nov,26
1875,11,-0.5,Nov,26
1876,11,-0.575,Nov,28
1877,11,0.104,Nov,28
1878,11,-0.203,Nov,30
1879,11,-0.386,Nov,32
1880,11,-0.408,Nov,36
1881,11,-0.341,Nov,39
1882,11,-0.313,Nov,36
1883,11,-0.305,Nov,42
1884,11,-0.558,Nov,46
1885,11,-0.261,Nov,45
1886,11,-0.422,Nov,46
1887,11,-0.408,Nov,45
1888,11,-0.197,Nov,43
1889,11,-0.399,Nov,40
1890,11,-0.57,Nov,39
1891,11,-0.546,Nov,41
1892,11,-0.627,Nov,36
1893,11,-0.415,Nov,36
1894,11,-0.424,Nov,37
1895,11,-0.302,Nov,39
1896,11,-0.293,Nov,43
1897,11,-0.46,Nov,41
1898,11,-0.454,Nov,42
1899,11,0.027,Nov,43
1900,11,-0.262,Nov,43
1901,11,-0.446,Nov,44
1902,11,-0.534,Nov,48
1903,11,-0.627,Nov,47
1904,11,-0.386,Nov,49
1905,11,-0.224,Nov,53
1906,11,-0.43,Nov,50
1907,11,-0.581,Nov,54
1908,11,-0.595,Nov,53
1909,11,-0.432,Nov,54
1910,11,-0.653,Nov,56
1911,11,-0.378,Nov,54
1912,11,-0.515,Nov,55
1913,11,-0.27,Nov,59
1914,11,-0.176,Nov,51
1915,11,-0.14,Nov,46
1916,11,-0.573,Nov,49
1917,11,-0.396,Nov,45
1918,11,-0.033,Nov,40
1919,11,-0.531,Nov,49
1920,11,-0.284,Nov,49
1921,11,-0.301,Nov,55
1922,11,-0.288,Nov,60
1923,11,-0.02,Nov,60
1924,11,-0.362,Nov,61
1925,11,-0.056,Nov,63
1926,11,-0.109,Nov,62
1927,11,-0.173,Nov,65
1928,11,-0.157,Nov,64
1929,11,-0.074,Nov,63
1930,11,0.076,Nov,62
1931,11,-0.148,Nov,64
1932,11,-0.231,Nov,62
1933,11,-0.31,Nov,66
1934,11,0.024,Nov,65
1935,11,-0.299,Nov,68
1936,11,-0.07,Nov,68
1937,11,0.002,Nov,68
1938,11,0.019,Nov,67
1939,11,-0.121,Nov,56
1940,11,-0.06,Nov,56
1941,11,0.053,Nov,62
1942,11,-0.072,Nov,55
1943,11,0.027,Nov,51
1944,11,0.009,Nov,54
1945,11,-0.012,Nov,51
1946,11,-0.091,Nov,59
1947,11,0.043,Nov,60
1948,11,-0.051,Nov,60
1949,11,-0.077,Nov,68
1950,11,-0.391,Nov,69
1951,11,-0.038,Nov,72
1952,11,-0.189,Nov,71
1953,11,-0.073,Nov,72
1954,11,0.022,Nov,72
1955,11,-0.313,Nov,74
1956,11,-0.259,Nov,76
1957,11,0.056,Nov,77
1958,11,0.012,Nov,78
1959,11,-0.112,Nov,78
1960,11,-0.15,Nov,80
1961,11,-0.02,Nov,82
1962,11,0.009,Nov,81
1963,11,0.161,Nov,81
1964,11,-0.297,Nov,82
1965,11,-0.14,Nov,83
1966,11,-0.096,Nov,82
1967,11,-0.064,Nov,81
1968,11,-0.07,Nov,82
1969,11,0.132,Nov,83
1970,11,-0.049,Nov,83
1971,11,-0.08,Nov,83
1972,11,-0.005,Nov,84
1973,11,-0.095,Nov,85
1974,11,-0.211,Nov,83
1975,11,-0.313,Nov,83
1976,11,-0.176,Nov,83
1977,11,0.137,Nov,84
1978,11,0.045,Nov,82
1979,11,0.147,Nov,87
1980,11,0.131,Nov,85
1981,11,0.071,Nov,86
1982,11,-0.01,Nov,86
1983,11,0.257,Nov,85
1984,11,-0.124,Nov,87
1985,11,-0.077,Nov,86
1986,11,-0.004,Nov,87
1987,11,0.196,Nov,87
1988,11,0.03,Nov,86
1989,11,0.062,Nov,86
1990,11,0.316,Nov,85
1991,11,0.158,Nov,84
1992,11,-0.089,Nov,85
1993,11,-0.046,Nov,83
1994,11,0.308,Nov,84
1995,11,0.322,Nov,84
1996,11,0.149,Nov,84
1997,11,0.498,Nov,84
1998,11,0.295,Nov,83
1999,11,0.237,Nov,83
2000,11,0.162,Nov,82
2001,11,0.611,Nov,83
2002,11,0.449,Nov,85
2003,11,0.459,Nov,85
2004,11,0.6,Nov,86
2005,11,0.629,Nov,85
2006,11,0.541,Nov,85
2007,11,0.387,Nov,86
2008,11,0.524,Nov,86
2009,11,0.545,Nov,86
2010,11,0.593,Nov,87
2011,11,0.347,Nov,85
2012,11,0.554,Nov,84
2013,11,0.639,Nov,81
2014,11,0.489,Nov,83
2015,11,0.81,Nov,84
1850,12,-0.268,Dec,25
1851,12,-0.067,Dec,20
1852,12,0.083,Dec,25
1853,12,-0.444,Dec,27
1854,12,-0.232,Dec,28
1855,12,-0.51,Dec,23
1856,12,-0.44,Dec,26
1857,12,-0.356,Dec,24
1858,12,-0.3,Dec,25
1859,12,-0.363,Dec,22
1860,12,-0.752,Dec,17
1861,12,-0.253,Dec,16
1862,12,-0.889,Dec,13
1863,12,-0.351,Dec,14
1864,12,-0.602,Dec,16
1865,12,-0.338,Dec,15
1866,12,-0.337,Dec,15
1867,12,-0.624,Dec,16
1868,12,-0.12,Dec,19
1869,12,-0.355,Dec,23
1870,12,-0.723,Dec,21
1871,12,-0.56,Dec,25
1872,12,-0.424,Dec,29
1873,12,-0.277,Dec,26
1874,12,-0.407,Dec,27
1875,12,-0.495,Dec,26
1876,12,-0.71,Dec,28
1877,12,0.172,Dec,29
1878,12,-0.36,Dec,32
1879,12,-0.517,Dec,33
1880,12,-0.295,Dec,37
1881,12,-0.138,Dec,38
1882,12,-0.463,Dec,36
1883,12,-0.324,Dec,43
1884,12,-0.416,Dec,46
1885,12,-0.156,Dec,51
1886,12,-0.427,Dec,48
1887,12,-0.397,Dec,43
1888,12,-0.176,Dec,44
1889,12,-0.175,Dec,42
1890,12,-0.407,Dec,40
1891,12,-0.124,Dec,38
1892,12,-0.794,Dec,34
1893,12,-0.352,Dec,36
1894,12,-0.404,Dec,40
1895,12,-0.318,Dec,41
1896,12,-0.032,Dec,43
1897,12,-0.484,Dec,41
1898,12,-0.361,Dec,44
1899,12,-0.457,Dec,44
1900,12,-0.087,Dec,44
1901,12,-0.442,Dec,44
1902,12,-0.524,Dec,47
1903,12,-0.604,Dec,51
1904,12,-0.417,Dec,51
1905,12,-0.205,Dec,50
1906,12,-0.283,Dec,50
1907,12,-0.535,Dec,54
1908,12,-0.577,Dec,55
1909,12,-0.6,Dec,56
1910,12,-0.669,Dec,55
1911,12,-0.291,Dec,55
1912,12,-0.487,Dec,56
1913,12,-0.238,Dec,59
1914,12,-0.245,Dec,50
1915,12,-0.256,Dec,50
1916,12,-0.627,Dec,48
1917,12,-0.624,Dec,43
1918,12,-0.227,Dec,41
1919,12,-0.456,Dec,46
1920,12,-0.345,Dec,52
1921,12,-0.153,Dec,56
1922,12,-0.304,Dec,60
1923,12,-0.004,Dec,60
1924,12,-0.526,Dec,59
1925,12,0.007,Dec,60
1926,12,-0.234,Dec,61
1927,12,-0.425,Dec,63
1928,12,-0.235,Dec,64
1929,12,-0.473,Dec,63
1930,12,-0.072,Dec,63
1931,12,-0.101,Dec,64
1932,12,-0.192,Dec,66
1933,12,-0.525,Dec,64
1934,12,-0.132,Dec,67
1935,12,-0.264,Dec,68
1936,12,-0.009,Dec,69
1937,12,-0.101,Dec,67
1938,12,-0.293,Dec,68
1939,12,0.216,Dec,58
1940,12,0.159,Dec,56
1941,12,0.101,Dec,49
1942,12,0.013,Dec,51
1943,12,0.198,Dec,53
1944,12,-0.02,Dec,52
1945,12,-0.206,Dec,53
1946,12,-0.357,Dec,61
1947,12,-0.175,Dec,61
1948,12,-0.203,Dec,60
1949,12,-0.188,Dec,69
1950,12,-0.254,Dec,73
1951,12,0.174,Dec,74
1952,12,-0.06,Dec,73
1953,12,0.09,Dec,73
1954,12,-0.235,Dec,73
1955,12,-0.336,Dec,77
1956,12,-0.207,Dec,78
1957,12,0.158,Dec,79
1958,12,0.027,Dec,78
1959,12,-0.07,Dec,81
1960,12,0.141,Dec,81
1961,12,-0.112,Dec,82
1962,12,-0.01,Dec,82
1963,12,-0.007,Dec,84
1964,12,-0.356,Dec,85
1965,12,-0.066,Dec,85
1966,12,-0.144,Dec,82
1967,12,-0.151,Dec,84
1968,12,-0.11,Dec,84
1969,12,0.194,Dec,86
1970,12,-0.165,Dec,86
1971,12,-0.204,Dec,86
1972,12,0.183,Dec,87
1973,12,-0.108,Dec,86
1974,12,-0.237,Dec,86
1975,12,-0.304,Dec,85
1976,12,-0.081,Dec,85
1977,12,-0.056,Dec,87
1978,12,-0.1,Dec,87
1979,12,0.356,Dec,89
1980,12,0.058,Dec,89
1981,12,0.267,Dec,87
1982,12,0.253,Dec,87
1983,12,0.083,Dec,87
1984,12,-0.277,Dec,87
1985,12,0.013,Dec,91
1986,12,0.01,Dec,88
1987,12,0.322,Dec,89
1988,12,0.149,Dec,87
1989,12,0.21,Dec,87
1990,12,0.247,Dec,86
1991,12,0.125,Dec,85
1992,12,0.078,Dec,85
1993,12,0.119,Dec,84
1994,12,0.245,Dec,85
1995,12,0.127,Dec,85
1996,12,0.234,Dec,85
1997,12,0.505,Dec,85
1998,12,0.473,Dec,84
1999,12,0.383,Dec,85
2000,12,0.151,Dec,84
2001,12,0.37,Dec,84
2002,12,0.327,Dec,85
2003,12,0.595,Dec,87
2004,12,0.359,Dec,87
2005,12,0.472,Dec,86
2006,12,0.698,Dec,86
2007,12,0.349,Dec,87
2008,12,0.391,Dec,87
2009,12,0.474,Dec,87
2010,12,0.343,Dec,87
2011,12,0.401,Dec,85
2012,12,0.275,Dec,84
2013,12,0.508,Dec,82
2014,12,0.634,Dec,83
2015,12,1.01,Dec,85
