year,month,anomaly,month_name
1850,1,-0.702,Jan
1851,1,-0.303,Jan
1852,1,-0.308,Jan
1853,1,-0.177,Jan
1854,1,-0.36,Jan
1855,1,-0.176,Jan
1856,1,-0.119,Jan
1857,1,-0.512,Jan
1858,1,-0.532,Jan
1859,1,-0.307,Jan
1860,1,-0.186,Jan
1861,1,-0.89,Jan
1862,1,-0.749,Jan
1863,1,0.131,Jan
1864,1,-0.937,Jan
1865,1,-0.093,Jan
1866,1,0.039,Jan
1867,1,-0.305,Jan
1868,1,-0.704,Jan
1869,1,-0.259,Jan
1870,1,-0.078,Jan
1871,1,-0.527,Jan
1872,1,-0.305,Jan
1873,1,-0.018,Jan
1874,1,0.054,Jan
1875,1,-0.577,Jan
1876,1,-0.311,Jan
1877,1,-0.325,Jan
1878,1,0.173,Jan
1879,1,-0.197,Jan
1880,1,-0.064,Jan
1881,1,-0.362,Jan
1882,1,0.114,Jan
1883,1,-0.409,Jan
1884,1,-0.418,Jan
1885,1,-0.508,Jan
1886,1,-0.401,Jan
1887,1,-0.566,Jan
1888,1,-0.603,Jan
1889,1,-0.054,Jan
1890,1,-0.324,Jan
1891,1,-0.515,Jan
1892,1,-0.407,Jan
1893,1,-0.962,Jan
1894,1,-0.454,Jan
1895,1,-0.497,Jan
1896,1,-0.224,Jan
1897,1,-0.203,Jan
1898,1,-0.084,Jan
1899,1,-0.212,Jan
1900,1,-0.246,Jan
1901,1,-0.182,Jan
1902,1,-0.239,Jan
1903,1,-0.274,Jan
1904,1,-0.641,Jan
1905,1,-0.471,Jan
1906,1,-0.073,Jan
1907,1,-0.443,Jan
1908,1,-0.423,Jan
1909,1,-0.583,Jan
1910,1,-0.359,Jan
1911,1,-0.558,Jan
1912,1,-0.362,Jan
1913,1,-0.465,Jan
1914,1,-0.092,Jan
1915,1,-0.117,Jan
1916,1,-0.245,Jan
1917,1,-0.684,Jan
1918,1,-0.505,Jan
1919,1,-0.098,Jan
1920,1,-0.244,Jan
1921,1,-0.137,Jan
1922,1,-0.398,Jan
1923,1,-0.23,Jan
1924,1,-0.315,Jan
1925,1,-0.398,Jan
1926,1,0.09,Jan
1927,1,-0.254,Jan
1928,1,-0.05,Jan
1929,1,-0.479,Jan
1930,1,-0.33,Jan
1931,1,-0.002,Jan
1932,1,0.162,Jan
1933,1,-0.285,Jan
1934,1,-0.218,Jan
1935,1,-0.223,Jan
1936,1,-0.298,Jan
1937,1,-0.121,Jan
1938,1,0.019,Jan
1939,1,-0.066,Jan
1940,1,-0.185,Jan
1941,1,-0.096,Jan
1942,1,0.212,Jan
1943,1,-0.202,Jan
1944,1,0.29,Jan
1945,1,-0.003,Jan
1946,1,0.101,Jan
1947,1,-0.116,Jan
1948,1,0.089,Jan
1949,1,0.15,Jan
1950,1,-0.333,Jan
1951,1,-0.355,Jan
1952,1,0.182,Jan
1953,1,0.067,Jan
1954,1,-0.237,Jan
1955,1,0.125,Jan
1956,1,-0.248,Jan
1957,1,-0.167,Jan
1958,1,0.269,Jan
1959,1,0.087,Jan
1960,1,-0.029,Jan
1961,1,0.046,Jan
1962,1,0.055,Jan
1963,1,-0.05,Jan
1964,1,-0.045,Jan
1965,1,-0.103,Jan
1966,1,-0.096,Jan
1967,1,-0.167,Jan
1968,1,-0.242,Jan
1969,1,-0.171,Jan
1970,1,0.072,Jan
1971,1,-0.097,Jan
1972,1,-0.376,Jan
1973,1,0.146,Jan
1974,1,-0.376,Jan
1975,1,-0.071,Jan
1976,1,-0.23,Jan
1977,1,-0.081,Jan
1978,1,0.014,Jan
1979,1,-0.038,Jan
1980,1,0.133,Jan
1981,1,0.334,Jan
1982,1,-0.048,Jan
1983,1,0.431,Jan
1984,1,0.12,Jan
1985,1,0.008,Jan
1986,1,0.127,Jan
1987,1,0.112,Jan
1988,1,0.39,Jan
1989,1,0.015,Jan
1990,1,0.222,Jan
1991,1,0.288,Jan
1992,1,0.366,Jan
1993,1,0.312,Jan
1994,1,0.178,Jan
1995,1,0.419,Jan
1996,1,0.115,Jan
1997,1,0.206,Jan
1998,1,0.483,Jan
1999,1,0.347,Jan
2000,1,0.227,Jan
2001,1,0.363,Jan
2002,1,0.661,Jan
2003,1,0.596,Jan
2004,1,0.502,Jan
2005,1,0.55,Jan
2006,1,0.385,Jan
2007,1,0.832,Jan
2008,1,0.171,Jan
2009,1,0.481,Jan
2010,1,0.561,Jan
2011,1,0.313,Jan
2012,1,0.306,Jan
2013,1,0.45,Jan
2014,1,0.523,Jan
2015,1,0.688,Jan
1850,2,-0.284,Feb
1851,2,-0.362,Feb
1852,2,-0.477,Feb
1853,2,-0.33,Feb
1854,2,-0.28,Feb
1855,2,-0.4,Feb
1856,2,-0.373,Feb
1857,2,-0.344,Feb
1858,2,-0.707,Feb
1859,2,-0.192,Feb
1860,2,-0.428,Feb
1861,2,-0.506,Feb
1862,2,-0.773,Feb
1863,2,-0.02,Feb
1864,2,-0.63,Feb
1865,2,-0.602,Feb
1866,2,-0.212,Feb
1867,2,0.022,Feb
1868,2,-0.466,Feb
1869,2,0.27,Feb
1870,2,-0.45,Feb
1871,2,-0.546,Feb
1872,2,-0.402,Feb
1873,2,-0.345,Feb
1874,2,-0.44,Feb
1875,2,-0.613,Feb
1876,2,-0.265,Feb
1877,2,0.057,Feb
1878,2,0.404,Feb
1879,2,-0.154,Feb
1880,2,-0.176,Feb
1881,2,-0.238,Feb
1882,2,-0.009,Feb
1883,2,-0.322,Feb
1884,2,-0.217,Feb
1885,2,-0.411,Feb
1886,2,-0.455,Feb
1887,2,-0.556,Feb
1888,2,-0.453,Feb
1889,2,-0.095,Feb
1890,2,-0.366,Feb
1891,2,-0.467,Feb
1892,2,-0.121,Feb
1893,2,-0.723,Feb
1894,2,-0.379,Feb
1895,2,-0.678,Feb
1896,2,-0.233,Feb
1897,2,-0.124,Feb
1898,2,-0.378,Feb
1899,2,-0.501,Feb
1900,2,-0.164,Feb
1901,2,-0.27,Feb
1902,2,-0.27,Feb
1903,2,-0.204,Feb
1904,2,-0.603,Feb
1905,2,-0.697,Feb
1906,2,-0.238,Feb
1907,2,-0.519,Feb
1908,2,-0.417,Feb
1909,2,-0.543,Feb
1910,2,-0.517,Feb
1911,2,-0.767,Feb
1912,2,-0.297,Feb
1913,2,-0.515,Feb
1914,2,-0.226,Feb
1915,2,-0.057,Feb
1916,2,-0.186,Feb
1917,2,-0.762,Feb
1918,2,-0.524,Feb
1919,2,-0.079,Feb
1920,2,-0.425,Feb
1921,2,-0.179,Feb
1922,2,-0.273,Feb
1923,2,-0.414,Feb
1924,2,-0.202,Feb
1925,2,-0.305,Feb
1926,2,-0.042,Feb
1927,2,-0.146,Feb
1928,2,-0.138,Feb
1929,2,-0.666,Feb
1930,2,-0.293,Feb
1931,2,-0.151,Feb
1932,2,-0.191,Feb
1933,2,-0.315,Feb
1934,2,-0.16,Feb
1935,2,0.105,Feb
1936,2,-0.354,Feb
1937,2,0.039,Feb
1938,2,0.019,Feb
1939,2,-0.043,Feb
1940,2,-0.033,Feb
1941,2,-0.019,Feb
1942,2,-0.078,Feb
1943,2,0.068,Feb
1944,2,0.14,Feb
1945,2,-0.086,Feb
1946,2,0.046,Feb
1947,2,-0.18,Feb
1948,2,-0.126,Feb
1949,2,-0.145,Feb
1950,2,-0.245,Feb
1951,2,-0.463,Feb
1952,2,0.135,Feb
1953,2,0.146,Feb
1954,2,-0.088,Feb
1955,2,-0.166,Feb
1956,2,-0.348,Feb
1957,2,-0.129,Feb
1958,2,0.183,Feb
1959,2,0.03,Feb
1960,2,0.102,Feb
1961,2,0.185,Feb
1962,2,0.139,Feb
1963,2,0.152,Feb
1964,2,-0.124,Feb
1965,2,-0.244,Feb
1966,2,-0.094,Feb
1967,2,-0.235,Feb
1968,2,-0.214,Feb
1969,2,-0.17,Feb
1970,2,0.143,Feb
1971,2,-0.291,Feb
1972,2,-0.287,Feb
1973,2,0.276,Feb
1974,2,-0.406,Feb
1975,2,-0.092,Feb
1976,2,-0.323,Feb
1977,2,0.079,Feb
1978,2,-0.038,Feb
1979,2,-0.14,Feb
1980,2,0.219,Feb
1981,2,0.196,Feb
1982,2,0.005,Feb
1983,2,0.31,Feb
1984,2,0.017,Feb
1985,2,-0.138,Feb
1986,2,0.089,Feb
1987,2,0.302,Feb
1988,2,0.229,Feb
1989,2,0.147,Feb
1990,2,0.307,Feb
1991,2,0.292,Feb
1992,2,0.321,Feb
1993,2,0.252,Feb
1994,2,-0.052,Feb
1995,2,0.595,Feb
1996,2,0.323,Feb
1997,2,0.318,Feb
1998,2,0.763,Feb
1999,2,0.589,Feb
2000,2,0.455,Feb
2001,2,0.325,Feb
2002,2,0.705,Feb
2003,2,0.453,Feb
2004,2,0.611,Feb
2005,2,0.395,Feb
2006,2,0.562,Feb
2007,2,0.56,Feb
2008,2,0.245,Feb
2009,2,0.441,Feb
2010,2,0.577,Feb
2011,2,0.327,Feb
2012,2,0.302,Feb
2013,2,0.486,Feb
2014,2,0.313,Feb
2015,2,0.66,Feb
1850,3,-0.732,Mar
1851,3,-0.485,Mar
1852,3,-0.505,Mar
1853,3,-0.318,Mar
1854,3,-0.284,Mar
1855,3,-0.303,Mar
1856,3,-0.513,Mar
1857,3,-0.434,Mar
1858,3,-0.55,Mar
1859,3,-0.334,Mar
1860,3,-0.643,Mar
1861,3,-0.465,Mar
1862,3,-0.402,Mar
1863,3,-0.356,Mar
1864,3,-0.509,Mar
1865,3,-0.639,Mar
1866,3,-0.595,Mar
1867,3,-0.714,Mar
1868,3,-0.07,Mar
1869,3,-0.589,Mar
1870,3,-0.406,Mar
1871,3,0.013,Mar
1872,3,-0.471,Mar
1873,3,-0.275,Mar
1874,3,-0.562,Mar
1875,3,-0.598,Mar
1876,3,-0.383,Mar
1877,3,-0.293,Mar
1878,3,0.342,Mar
1879,3,-0.097,Mar
1880,3,-0.105,Mar
1881,3,-0.187,Mar
1882,3,-0.053,Mar
1883,3,-0.342,Mar
1884,3,-0.459,Mar
1885,3,-0.484,Mar
1886,3,-0.415,Mar
1887,3,-0.458,Mar
1888,3,-0.543,Mar
1889,3,-0.068,Mar
1890,3,-0.46,Mar
1891,3,-0.371,Mar
1892,3,-0.459,Mar
1893,3,-0.374,Mar
1894,3,-0.38,Mar
1895,3,-0.527,Mar
1896,3,-0.384,Mar
1897,3,-0.276,Mar
1898,3,-0.752,Mar
1899,3,-0.542,Mar
1900,3,-0.276,Mar
1901,3,-0.246,Mar
1902,3,-0.393,Mar
1903,3,-0.355,Mar
1904,3,-0.659,Mar
1905,3,-0.461,Mar
1906,3,-0.293,Mar
1907,3,-0.343,Mar
1908,3,-0.636,Mar
1909,3,-0.689,Mar
1910,3,-0.485,Mar
1911,3,-0.701,Mar
1912,3,-0.385,Mar
1913,3,-0.534,Mar
1914,3,-0.335,Mar
1915,3,-0.193,Mar
1916,3,-0.405,Mar
1917,3,-0.826,Mar
1918,3,-0.446,Mar
1919,3,-0.302,Mar
1920,3,-0.123,Mar
1921,3,-0.251,Mar
1922,3,-0.269,Mar
1923,3,-0.408,Mar
1924,3,-0.27,Mar
1925,3,-0.223,Mar
1926,3,-0.022,Mar
1927,3,-0.326,Mar
1928,3,-0.339,Mar
1929,3,-0.406,Mar
1930,3,-0.155,Mar
1931,3,-0.12,Mar
1932,3,-0.237,Mar
1933,3,-0.341,Mar
1934,3,-0.388,Mar
1935,3,-0.222,Mar
1936,3,-0.293,Mar
1937,3,-0.273,Mar
1938,3,0.064,Mar
1939,3,-0.26,Mar
1940,3,-0.107,Mar
1941,3,-0.141,Mar
1942,3,-0.087,Mar
1943,3,-0.2,Mar
1944,3,0.148,Mar
1945,3,-0.039,Mar
1946,3,-0.063,Mar
1947,3,-0.066,Mar
1948,3,-0.175,Mar
1949,3,-0.178,Mar
1950,3,-0.178,Mar
1951,3,-0.298,Mar
1952,3,-0.13,Mar
1953,3,0.13,Mar
1954,3,-0.155,Mar
1955,3,-0.405,Mar
1956,3,-0.311,Mar
1957,3,-0.185,Mar
1958,3,-0.004,Mar
1959,3,0.08,Mar
1960,3,-0.316,Mar
1961,3,0.096,Mar
1962,3,0.027,Mar
1963,3,-0.142,Mar
1964,3,-0.276,Mar
1965,3,-0.215,Mar
1966,3,-0.063,Mar
1967,3,-0.052,Mar
1968,3,0.036,Mar
1969,3,-0.004,Mar
1970,3,-0.069,Mar
1971,3,-0.286,Mar
1972,3,-0.134,Mar
1973,3,0.226,Mar
1974,3,-0.233,Mar
1975,3,-0.075,Mar
1976,3,-0.442,Mar
1977,3,0.104,Mar
1978,3,0.027,Mar
1979,3,0.014,Mar
1980,3,0.072,Mar
1981,3,0.207,Mar
1982,3,-0.127,Mar
1983,3,0.209,Mar
1984,3,0.05,Mar
1985,3,-0.026,Mar
1986,3,0.076,Mar
1987,3,0.024,Mar
1988,3,0.268,Mar
1989,3,0.135,Mar
1990,3,0.562,Mar
1991,3,0.19,Mar
1992,3,0.252,Mar
1993,3,0.244,Mar
1994,3,0.22,Mar
1995,3,0.325,Mar
1996,3,0.186,Mar
1997,3,0.347,Mar
1998,3,0.558,Mar
1999,3,0.228,Mar
2000,3,0.382,Mar
2001,3,0.515,Mar
2002,3,0.699,Mar
2003,3,0.459,Mar
2004,3,0.525,Mar
2005,3,0.56,Mar
2006,3,0.463,Mar
2007,3,0.524,Mar
2008,3,0.55,Mar
2009,3,0.406,Mar
2010,3,0.678,Mar
2011,3,0.425,Mar
2012,3,0.358,Mar
2013,3,0.401,Mar
2014,3,0.561,Mar
2015,3,0.681,Mar
1850,4,-0.57,Apr
1851,4,-0.445,Apr
1852,4,-0.559,Apr
1853,4,-0.352,Apr
1854,4,-0.349,Apr
1855,4,-0.217,Apr
1856,4,-0.371,Apr
1857,4,-0.646,Apr
1858,4,-0.517,Apr
1859,4,-0.203,Apr
1860,4,-0.335,Apr
1861,4,-0.395,Apr
1862,4,-0.24,Apr
1863,4,-0.241,Apr
1864,4,-0.538,Apr
1865,4,-0.224,Apr
1866,4,-0.263,Apr
1867,4,-0.251,Apr
1868,4,-0.371,Apr
1869,4,-0.224,Apr
1870,4,-0.214,Apr
1871,4,-0.144,Apr
1872,4,-0.15,Apr
1873,4,-0.521,Apr
1874,4,-0.507,Apr
1875,4,-0.462,Apr
1876,4,-0.3,Apr
1877,4,-0.325,Apr
1878,4,0.324,Apr
1879,4,-0.215,Apr
1880,4,-0.147,Apr
1881,4,-0.133,Apr
1882,4,-0.283,Apr
1883,4,-0.394,Apr
1884,4,-0.529,Apr
1885,4,-0.472,Apr
1886,4,-0.336,Apr
1887,4,-0.436,Apr
1888,4,-0.243,Apr
1889,4,0.013,Apr
1890,4,-0.319,Apr
1891,4,-0.36,Apr
1892,4,-0.483,Apr
1893,4,-0.562,Apr
1894,4,-0.379,Apr
1895,4,-0.408,Apr
1896,4,-0.35,Apr
1897,4,-0.07,Apr
1898,4,-0.569,Apr
1899,4,-0.347,Apr
1900,4,-0.252,Apr
1901,4,-0.193,Apr
1902,4,-0.449,Apr
1903,4,-0.472,Apr
1904,4,-0.553,Apr
1905,4,-0.555,Apr
1906,4,-0.114,Apr
1907,4,-0.508,Apr
1908,4,-0.545,Apr
1909,4,-0.609,Apr
1910,4,-0.453,Apr
1911,4,-0.719,Apr
1912,4,-0.336,Apr
1913,4,-0.433,Apr
1914,4,-0.388,Apr
1915,4,-0.056,Apr
1916,4,-0.344,Apr
1917,4,-0.476,Apr
1918,4,-0.492,Apr
1919,4,-0.074,Apr
1920,4,-0.265,Apr
1921,4,-0.228,Apr
1922,4,-0.235,Apr
1923,4,-0.361,Apr
1924,4,-0.28,Apr
1925,4,-0.276,Apr
1926,4,-0.169,Apr
1927,4,-0.26,Apr
1928,4,-0.255,Apr
1929,4,-0.389,Apr
1930,4,-0.193,Apr
1931,4,-0.18,Apr
1932,4,-0.066,Apr
1933,4,-0.218,Apr
1934,4,-0.249,Apr
1935,4,-0.267,Apr
1936,4,-0.202,Apr
1937,4,-0.128,Apr
1938,4,0.085,Apr
1939,4,-0.095,Apr
1940,4,0.065,Apr
1941,4,0.023,Apr
1942,4,-0.061,Apr
1943,4,0.006,Apr
1944,4,0.056,Apr
1945,4,0.167,Apr
1946,4,0.135,Apr
1947,4,0.096,Apr
1948,4,-0.042,Apr
1949,4,0.009,Apr
1950,4,-0.165,Apr
1951,4,-0.105,Apr
1952,4,0.055,Apr
1953,4,0.195,Apr
1954,4,-0.151,Apr
1955,4,-0.244,Apr
1956,4,-0.335,Apr
1957,4,-0.064,Apr
1958,4,0.038,Apr
1959,4,0.046,Apr
1960,4,-0.176,Apr
1961,4,0.097,Apr
1962,4,0.025,Apr
1963,4,-0.067,Apr
1964,4,-0.244,Apr
1965,4,-0.255,Apr
1966,4,-0.107,Apr
1967,4,-0.068,Apr
1968,4,-0.17,Apr
1969,4,0.108,Apr
1970,4,0.058,Apr
1971,4,-0.237,Apr
1972,4,-0.079,Apr
1973,4,0.162,Apr
1974,4,-0.179,Apr
1975,4,-0.088,Apr
1976,4,-0.196,Apr
1977,4,0.094,Apr
1978,4,-0.062,Apr
1979,4,-0.048,Apr
1980,4,0.14,Apr
1981,4,0.128,Apr
1982,4,0.026,Apr
1983,4,0.115,Apr
1984,4,-0.041,Apr
1985,4,-0.035,Apr
1986,4,0.082,Apr
1987,4,0.093,Apr
1988,4,0.228,Apr
1989,4,0.08,Apr
1990,4,0.367,Apr
1991,4,0.385,Apr
1992,4,0.144,Apr
1993,4,0.131,Apr
1994,4,0.206,Apr
1995,4,0.284,Apr
1996,4,0.13,Apr
1997,4,0.273,Apr
1998,4,0.636,Apr
1999,4,0.327,Apr
2000,4,0.479,Apr
2001,4,0.453,Apr
2002,4,0.465,Apr
2003,4,0.437,Apr
2004,4,0.479,Apr
2005,4,0.603,Apr
2006,4,0.407,Apr
2007,4,0.581,Apr
2008,4,0.331,Apr
2009,4,0.515,Apr
2010,4,0.679,Apr
2011,4,0.48,Apr
2012,4,0.575,Apr
2013,4,0.439,Apr
2014,4,0.657,Apr
2015,4,0.656,Apr
1850,5,-0.325,May
1851,5,-0.302,May
1852,5,-0.209,May
1853,5,-0.268,May
1854,5,-0.23,May
1855,5,-0.336,May
1856,5,-0.119,May
1857,5,-0.567,May
1858,5,-0.651,May
1859,5,-0.31,May
1860,5,-0.29,May
1861,5,-0.761,May
1862,5,-0.232,May
1863,5,-0.32,May
1864,5,-0.449,May
1865,5,-0.26,May
1866,5,-0.528,May
1867,5,-0.542,May
1868,5,-0.069,May
1869,5,-0.281,May
1870,5,-0.165,May
1871,5,-0.315,May
1872,5,-0.039,May
1873,5,-0.411,May
1874,5,-0.466,May
1875,5,-0.176,May
1876,5,-0.53,May
1877,5,-0.449,May
1878,5,-0.083,May
1879,5,-0.211,May
1880,5,-0.241,May
1881,5,-0.03,May
1882,5,-0.373,May
1883,5,-0.253,May
1884,5,-0.392,May
1885,5,-0.521,May
1886,5,-0.191,May
1887,5,-0.354,May
1888,5,-0.349,May
1889,5,-0.079,May
1890,5,-0.425,May
1891,5,-0.207,May
1892,5,-0.401,May
1893,5,-0.551,May
1894,5,-0.426,May
1895,5,-0.415,May
1896,5,-0.207,May
1897,5,-0.028,May
1898,5,-0.471,May
1899,5,-0.311,May
1900,5,-0.276,May
1901,5,-0.197,May
1902,5,-0.405,May
1903,5,-0.464,May
1904,5,-0.538,May
1905,5,-0.343,May
1906,5,-0.336,May
1907,5,-0.552,May
1908,5,-0.474,May
1909,5,-0.589,May
1910,5,-0.473,May
1911,5,-0.602,May
1912,5,-0.377,May
1913,5,-0.509,May
1914,5,-0.28,May
1915,5,-0.218,May
1916,5,-0.363,May
1917,5,-0.655,May
1918,5,-0.424,May
1919,5,-0.265,May
1920,5,-0.191,May
1921,5,-0.204,May
1922,5,-0.382,May
1923,5,-0.321,May
1924,5,-0.239,May
1925,5,-0.258,May
1926,5,-0.219,May
1927,5,-0.259,May
1928,5,-0.286,May
1929,5,-0.389,May
1930,5,-0.197,May
1931,5,-0.165,May
1932,5,-0.168,May
1933,5,-0.211,May
1934,5,-0.079,May
1935,5,-0.242,May
1936,5,-0.15,May
1937,5,-0.079,May
1938,5,-0.087,May
1939,5,-0.027,May
1940,5,0.026,May
1941,5,-0.02,May
1942,5,-0.01,May
1943,5,-0.013,May
1944,5,0.068,May
1945,5,-0.099,May
1946,5,-0.121,May
1947,5,-0.06,May
1948,5,0.109,May
1949,5,-0.043,May
1950,5,-0.087,May
1951,5,-0.013,May
1952,5,0.04,May
1953,5,0.138,May
1954,5,-0.207,May
1955,5,-0.235,May
1956,5,-0.28,May
1957,5,0.052,May
1958,5,0.035,May
1959,5,-0.012,May
1960,5,-0.154,May
1961,5,0.087,May
1962,5,-0.044,May
1963,5,-0.021,May
1964,5,-0.175,May
1965,5,-0.159,May
1966,5,-0.141,May
1967,5,0.073,May
1968,5,-0.221,May
1969,5,0.126,May
1970,5,-0.036,May
1971,5,-0.215,May
1972,5,-0.065,May
1973,5,0.086,May
1974,5,-0.195,May
1975,5,-0.083,May
1976,5,-0.317,May
1977,5,0.069,May
1978,5,-0.089,May
1979,5,-0.03,May
1980,5,0.139,May
1981,5,0.066,May
1982,5,0.043,May
1983,5,0.135,May
1984,5,0.09,May
1985,5,-0.002,May
1986,5,0.044,May
1987,5,0.143,May
1988,5,0.21,May
1989,5,0.079,May
1990,5,0.28,May
1991,5,0.302,May
1992,5,0.178,May
1993,5,0.179,May
1994,5,0.271,May
1995,5,0.216,May
1996,5,0.216,May
1997,5,0.286,May
1998,5,0.573,May
1999,5,0.245,May
2000,5,0.28,May
2001,5,0.414,May
2002,5,0.425,May
2003,5,0.477,May
2004,5,0.315,May
2005,5,0.52,May
2006,5,0.401,May
2007,5,0.447,May
2008,5,0.34,May
2009,5,0.441,May
2010,5,0.591,May
2011,5,0.384,May
2012,5,0.574,May
2013,5,0.52,May
2014,5,0.599,May
2015,5,0.696,May
1850,6,-0.213,Jun
1851,6,-0.189,Jun
1852,6,-0.038,Jun
1853,6,-0.179,Jun
1854,6,-0.215,Jun
1855,6,-0.16,Jun
1856,6,-0.288,Jun
1857,6,-0.31,Jun
1858,6,-0.58,Jun
1859,6,-0.25,Jun
1860,6,-0.307,Jun
1861,6,-0.183,Jun
1862,6,-0.338,Jun
1863,6,-0.402,Jun
1864,6,-0.162,Jun
1865,6,-0.27,Jun
1866,6,0.108,Jun
1867,6,-0.295,Jun
1868,6,-0.176,Jun
1869,6,-0.37,Jun
1870,6,-0.209,Jun
1871,6,-0.223,Jun
1872,6,-0.208,Jun
1873,6,-0.258,Jun
1874,6,-0.458,Jun
1875,6,-0.234,Jun
1876,6,-0.284,Jun
1877,6,-0.088,Jun
1878,6,0.015,Jun
1879,6,-0.27,Jun
1880,6,-0.308,Jun
1881,6,-0.229,Jun
1882,6,-0.317,Jun
1883,6,-0.119,Jun
1884,6,-0.413,Jun
1885,6,-0.488,Jun
1886,6,-0.387,Jun
1887,6,-0.406,Jun
1888,6,-0.291,Jun
1889,6,-0.149,Jun
1890,6,-0.378,Jun
1891,6,-0.3,Jun
1892,6,-0.466,Jun
1893,6,-0.463,Jun
1894,6,-0.493,Jun
1895,6,-0.332,Jun
1896,6,-0.124,Jun
1897,6,-0.162,Jun
1898,6,-0.322,Jun
1899,6,-0.392,Jun
1900,6,-0.184,Jun
1901,6,-0.159,Jun
1902,6,-0.449,Jun
1903,6,-0.551,Jun
1904,6,-0.526,Jun
1905,6,-0.329,Jun
1906,6,-0.296,Jun
1907,6,-0.528,Jun
1908,6,-0.478,Jun
1909,6,-0.52,Jun
1910,6,-0.486,Jun
1911,6,-0.574,Jun
1912,6,-0.32,Jun
1913,6,-0.51,Jun
1914,6,-0.29,Jun
1915,6,-0.221,Jun
1916,6,-0.473,Jun
1917,6,-0.351,Jun
1918,6,-0.332,Jun
1919,6,-0.252,Jun
1920,6,-0.215,Jun
1921,6,-0.117,Jun
1922,6,-0.32,Jun
1923,6,-0.244,Jun
1924,6,-0.216,Jun
1925,6,-0.254,Jun
1926,6,-0.092,Jun
1927,6,-0.238,Jun
1928,6,-0.344,Jun
1929,6,-0.35,Jun
1930,6,-0.162,Jun
1931,6,-0.036,Jun
1932,6,-0.194,Jun
1933,6,-0.26,Jun
1934,6,-0.042,Jun
1935,6,-0.185,Jun
1936,6,-0.162,Jun
1937,6,-0.008,Jun
1938,6,-0.059,Jun
1939,6,0.062,Jun
1940,6,0.037,Jun
1941,6,0.123,Jun
1942,6,0.034,Jun
1943,6,-0.094,Jun
1944,6,0.152,Jun
1945,6,0.006,Jun
1946,6,-0.266,Jun
1947,6,0.007,Jun
1948,6,0.075,Jun
1949,6,-0.186,Jun
1950,6,-0.074,Jun
1951,6,0.037,Jun
1952,6,0.04,Jun
1953,6,0.164,Jun
1954,6,-0.13,Jun
1955,6,-0.168,Jun
1956,6,-0.225,Jun
1957,6,0.084,Jun
1958,6,-0.016,Jun
1959,6,0.063,Jun
1960,6,-0.029,Jun
1961,6,0.108,Jun
1962,6,-0.054,Jun
1963,6,-0.033,Jun
1964,6,-0.159,Jun
1965,6,-0.11,Jun
1966,6,0.035,Jun
1967,6,-0.086,Jun
1968,6,-0.106,Jun
1969,6,0.023,Jun
1970,6,-0.014,Jun
1971,6,-0.233,Jun
1972,6,0.003,Jun
1973,6,0.11,Jun
1974,6,-0.151,Jun
1975,6,-0.084,Jun
1976,6,-0.25,Jun
1977,6,0.109,Jun
1978,6,-0.133,Jun
1979,6,0.058,Jun
1980,6,0.07,Jun
1981,6,0.123,Jun
1982,6,-0.049,Jun
1983,6,0.136,Jun
1984,6,-0.014,Jun
1985,6,-0.059,Jun
1986,6,0.051,Jun
1987,6,0.125,Jun
1988,6,0.224,Jun
1989,6,0.079,Jun
1990,6,0.279,Jun
1991,6,0.306,Jun
1992,6,0.127,Jun
1993,6,0.177,Jun
1994,6,0.265,Jun
1995,6,0.308,Jun
1996,6,0.17,Jun
1997,6,0.402,Jun
1998,6,0.592,Jun
1999,6,0.273,Jun
2000,6,0.275,Jun
2001,6,0.43,Jun
2002,6,0.476,Jun
2003,6,0.46,Jun
2004,6,0.328,Jun
2005,6,0.552,Jun
2006,6,0.525,Jun
2007,6,0.419,Jun
2008,6,0.362,Jun
2009,6,0.554,Jun
2010,6,0.587,Jun
2011,6,0.489,Jun
2012,6,0.557,Jun
2013,6,0.487,Jun
2014,6,0.618,Jun
2015,6,0.73,Jun
1850,7,-0.128,Jul
1851,7,-0.215,Jul
1852,7,-0.016,Jul
1853,7,-0.059,Jul
1854,7,-0.228,Jul
1855,7,-0.268,Jul
1856,7,-0.297,Jul
1857,7,-0.544,Jul
1858,7,-0.324,Jul
1859,7,-0.285,Jul
1860,7,-0.116,Jul
1861,7,-0.221,Jul
1862,7,-0.34,Jul
1863,7,-0.416,Jul
1864,7,-0.146,Jul
1865,7,-0.128,Jul
1866,7,0.027,Jul
1867,7,-0.231,Jul
1868,7,0.147,Jul
1869,7,-0.286,Jul
1870,7,0.016,Jul
1871,7,-0.011,Jul
1872,7,-0.115,Jul
1873,7,-0.162,Jul
1874,7,-0.174,Jul
1875,7,-0.302,Jul
1876,7,-0.134,Jul
1877,7,0.01,Jul
1878,7,-0.05,Jul
1879,7,-0.233,Jul
1880,7,-0.25,Jul
1881,7,-0.151,Jul
1882,7,-0.185,Jul
1883,7,-0.195,Jul
1884,7,-0.424,Jul
1885,7,-0.311,Jul
1886,7,-0.285,Jul
1887,7,-0.267,Jul
1888,7,-0.308,Jul
1889,7,-0.196,Jul
1890,7,-0.414,Jul
1891,7,-0.332,Jul
1892,7,-0.535,Jul
1893,7,-0.278,Jul
1894,7,-0.316,Jul
1895,7,-0.359,Jul
1896,7,-0.112,Jul
1897,7,-0.165,Jul
1898,7,-0.383,Jul
1899,7,-0.283,Jul
1900,7,-0.193,Jul
1901,7,-0.194,Jul
1902,7,-0.392,Jul
1903,7,-0.496,Jul
1904,7,-0.53,Jul
1905,7,-0.298,Jul
1906,7,-0.321,Jul
1907,7,-0.407,Jul
1908,7,-0.478,Jul
1909,7,-0.585,Jul
1910,7,-0.469,Jul
1911,7,-0.516,Jul
1912,7,-0.458,Jul
1913,7,-0.443,Jul
1914,7,-0.337,Jul
1915,7,-0.118,Jul
1916,7,-0.38,Jul
1917,7,-0.12,Jul
1918,7,-0.342,Jul
1919,7,-0.364,Jul
1920,7,-0.291,Jul
1921,7,-0.138,Jul
1922,7,-0.229,Jul
1923,7,-0.347,Jul
1924,7,-0.264,Jul
1925,7,-0.217,Jul
1926,7,-0.235,Jul
1927,7,-0.146,Jul
1928,7,-0.165,Jul
1929,7,-0.362,Jul
1930,7,-0.12,Jul
1931,7,0.007,Jul
1932,7,-0.128,Jul
1933,7,-0.185,Jul
1934,7,-0.064,Jul
1935,7,-0.144,Jul
1936,7,-0.022,Jul
1937,7,0.051,Jul
1938,7,-0.045,Jul
1939,7,0.052,Jul
1940,7,0.142,Jul
1941,7,0.116,Jul
1942,7,-0.074,Jul
1943,7,0,Jul
1944,7,0.221,Jul
1945,7,-0.08,Jul
1946,7,-0.048,Jul
1947,7,-0.006,Jul
1948,7,-0.109,Jul
1949,7,-0.089,Jul
1950,7,-0.039,Jul
1951,7,0.049,Jul
1952,7,0.099,Jul
1953,7,0.054,Jul
1954,7,-0.198,Jul
1955,7,-0.2,Jul
1956,7,-0.211,Jul
1957,7,0.003,Jul
1958,7,0.041,Jul
1959,7,0.03,Jul
1960,7,-0.027,Jul
1961,7,0.016,Jul
1962,7,0.016,Jul
1963,7,0.11,Jul
1964,7,-0.171,Jul
1965,7,-0.181,Jul
1966,7,0.031,Jul
1967,7,-0.066,Jul
1968,7,-0.103,Jul
1969,7,0.038,Jul
1970,7,-0.049,Jul
1971,7,-0.129,Jul
1972,7,-0.025,Jul
1973,7,0.025,Jul
1974,7,-0.125,Jul
1975,7,-0.109,Jul
1976,7,-0.185,Jul
1977,7,0.06,Jul
1978,7,-0.063,Jul
1979,7,0.054,Jul
1980,7,0.06,Jul
1981,7,0.094,Jul
1982,7,-0.019,Jul
1983,7,0.151,Jul
1984,7,-0.034,Jul
1985,7,-0.057,Jul
1986,7,0,Jul
1987,7,0.266,Jul
1988,7,0.181,Jul
1989,7,0.162,Jul
1990,7,0.234,Jul
1991,7,0.312,Jul
1992,7,-0.013,Jul
1993,7,0.133,Jul
1994,7,0.173,Jul
1995,7,0.327,Jul
1996,7,0.221,Jul
1997,7,0.366,Jul
1998,7,0.672,Jul
1999,7,0.291,Jul
2000,7,0.262,Jul
2001,7,0.465,Jul
2002,7,0.487,Jul
2003,7,0.477,Jul
2004,7,0.358,Jul
2005,7,0.55,Jul
2006,7,0.488,Jul
2007,7,0.441,Jul
2008,7,0.451,Jul
2009,7,0.539,Jul
2010,7,0.619,Jul
2011,7,0.51,Jul
2012,7,0.51,Jul
2013,7,0.514,Jul
2014,7,0.541,Jul
2015,7,0.696,Jul
1850,8,-0.233,Aug
1851,8,-0.153,Aug
1852,8,-0.195,Aug
1853,8,-0.148,Aug
1854,8,-0.163,Aug
1855,8,-0.159,Aug
1856,8,-0.305,Aug
1857,8,-0.327,Aug
1858,8,-0.28,Aug
1859,8,-0.104,Aug
1860,8,-0.193,Aug
1861,8,-0.107,Aug
1862,8,-0.694,Aug
1863,8,-0.321,Aug
1864,8,-0.31,Aug
1865,8,-0.207,Aug
1866,8,-0.261,Aug
1867,8,-0.225,Aug
1868,8,-0.037,Aug
1869,8,-0.072,Aug
1870,8,-0.262,Aug
1871,8,-0.221,Aug
1872,8,-0.027,Aug
1873,8,-0.161,Aug
1874,8,-0.368,Aug
1875,8,-0.183,Aug
1876,8,-0.241,Aug
1877,8,0.15,Aug
1878,8,-0.024,Aug
1879,8,-0.169,Aug
1880,8,-0.115,Aug
1881,8,-0.128,Aug
1882,8,-0.221,Aug
1883,8,-0.209,Aug
1884,8,-0.41,Aug
1885,8,-0.51,Aug
1886,8,-0.341,Aug
1887,8,-0.367,Aug
1888,8,-0.281,Aug
1889,8,-0.227,Aug
1890,8,-0.421,Aug
1891,8,-0.318,Aug
1892,8,-0.445,Aug
1893,8,-0.288,Aug
1894,8,-0.343,Aug
1895,8,-0.267,Aug
1896,8,-0.068,Aug
1897,8,-0.16,Aug
1898,8,-0.309,Aug
1899,8,-0.15,Aug
1900,8,-0.184,Aug
1901,8,-0.199,Aug
1902,8,-0.369,Aug
1903,8,-0.593,Aug
1904,8,-0.483,Aug
1905,8,-0.309,Aug
1906,8,-0.324,Aug
1907,8,-0.461,Aug
1908,8,-0.539,Aug
1909,8,-0.325,Aug
1910,8,-0.443,Aug
1911,8,-0.501,Aug
1912,8,-0.561,Aug
1913,8,-0.395,Aug
1914,8,-0.215,Aug
1915,8,-0.076,Aug
1916,8,-0.348,Aug
1917,8,-0.223,Aug
1918,8,-0.364,Aug
1919,8,-0.33,Aug
1920,8,-0.231,Aug
1921,8,-0.279,Aug
1922,8,-0.347,Aug
1923,8,-0.378,Aug
1924,8,-0.276,Aug
1925,8,-0.13,Aug
1926,8,-0.087,Aug
1927,8,-0.144,Aug
1928,8,-0.176,Aug
1929,8,-0.189,Aug
1930,8,-0.057,Aug
1931,8,-0.047,Aug
1932,8,-0.196,Aug
1933,8,-0.176,Aug
1934,8,-0.058,Aug
1935,8,-0.153,Aug
1936,8,-0.043,Aug
1937,8,0.082,Aug
1938,8,0.013,Aug
1939,8,0.04,Aug
1940,8,0.05,Aug
1941,8,0.019,Aug
1942,8,-0.061,Aug
1943,8,-0.001,Aug
1944,8,0.238,Aug
1945,8,0.364,Aug
1946,8,-0.146,Aug
1947,8,-0.038,Aug
1948,8,-0.001,Aug
1949,8,-0.038,Aug
1950,8,-0.112,Aug
1951,8,0.142,Aug
1952,8,0.094,Aug
1953,8,0.095,Aug
1954,8,-0.094,Aug
1955,8,-0.063,Aug
1956,8,-0.243,Aug
1957,8,0.094,Aug
1958,8,0.01,Aug
1959,8,0.048,Aug
1960,8,0.007,Aug
1961,8,0.03,Aug
1962,8,-0.003,Aug
1963,8,0.127,Aug
1964,8,-0.258,Aug
1965,8,-0.112,Aug
1966,8,-0.022,Aug
1967,8,-0.065,Aug
1968,8,-0.06,Aug
1969,8,0.051,Aug
1970,8,-0.09,Aug
1971,8,-0.168,Aug
1972,8,0.013,Aug
1973,8,0.018,Aug
1974,8,-0.082,Aug
1975,8,-0.179,Aug
1976,8,-0.201,Aug
1977,8,-0.001,Aug
1978,8,-0.188,Aug
1979,8,0.08,Aug
1980,8,0.036,Aug
1981,8,0.122,Aug
1982,8,-0.009,Aug
1983,8,0.198,Aug
1984,8,0.04,Aug
1985,8,0.03,Aug
1986,8,0.005,Aug
1987,8,0.233,Aug
1988,8,0.179,Aug
1989,8,0.181,Aug
1990,8,0.252,Aug
1991,8,0.261,Aug
1992,8,0.006,Aug
1993,8,0.096,Aug
1994,8,0.182,Aug
1995,8,0.354,Aug
1996,8,0.205,Aug
1997,8,0.438,Aug
1998,8,0.603,Aug
1999,8,0.223,Aug
2000,8,0.358,Aug
2001,8,0.5,Aug
2002,8,0.445,Aug
2003,8,0.55,Aug
2004,8,0.397,Aug
2005,8,0.54,Aug
2006,8,0.532,Aug
2007,8,0.443,Aug
2008,8,0.432,Aug
2009,8,0.589,Aug
2010,8,0.543,Aug
2011,8,0.488,Aug
2012,8,0.536,Aug
2013,8,0.533,Aug
2014,8,0.666,Aug
2015,8,0.732,Aug
1850,9,-0.444,Sep
1851,9,-0.108,Sep
1852,9,-0.125,Sep
1853,9,-0.409,Sep
1854,9,-0.115,Sep
1855,9,-0.339,Sep
1856,9,-0.459,Sep
1857,9,-0.393,Sep
1858,9,-0.339,Sep
1859,9,-0.575,Sep
1860,9,-0.229,Sep
1861,9,-0.331,Sep
1862,9,-0.413,Sep
1863,9,-0.324,Sep
1864,9,-0.439,Sep
1865,9,-0.075,Sep
1866,9,-0.225,Sep
1867,9,-0.095,Sep
1868,9,-0.196,Sep
1869,9,-0.186,Sep
1870,9,-0.263,Sep
1871,9,-0.457,Sep
1872,9,-0.128,Sep
1873,9,-0.357,Sep
1874,9,-0.212,Sep
1875,9,-0.274,Sep
1876,9,-0.434,Sep
1877,9,0.028,Sep
1878,9,0.018,Sep
1879,9,-0.213,Sep
1880,9,-0.233,Sep
1881,9,-0.244,Sep
1882,9,-0.155,Sep
1883,9,-0.278,Sep
1884,9,-0.342,Sep
1885,9,-0.333,Sep
1886,9,-0.433,Sep
1887,9,-0.343,Sep
1888,9,-0.216,Sep
1889,9,-0.381,Sep
1890,9,-0.477,Sep
1891,9,-0.204,Sep
1892,9,-0.325,Sep
1893,9,-0.44,Sep
1894,9,-0.465,Sep
1895,9,-0.286,Sep
1896,9,-0.111,Sep
1897,9,-0.142,Sep
1898,9,-0.335,Sep
1899,9,-0.14,Sep
1900,9,-0.223,Sep
1901,9,-0.349,Sep
1902,9,-0.37,Sep
1903,9,-0.528,Sep
1904,9,-0.485,Sep
1905,9,-0.322,Sep
1906,9,-0.388,Sep
1907,9,-0.413,Sep
1908,9,-0.458,Sep
1909,9,-0.402,Sep
1910,9,-0.443,Sep
1911,9,-0.511,Sep
1912,9,-0.563,Sep
1913,9,-0.428,Sep
1914,9,-0.261,Sep
1915,9,-0.141,Sep
1916,9,-0.343,Sep
1917,9,-0.123,Sep
1918,9,-0.238,Sep
1919,9,-0.232,Sep
1920,9,-0.137,Sep
1921,9,-0.162,Sep
1922,9,-0.283,Sep
1923,9,-0.321,Sep
1924,9,-0.279,Sep
1925,9,-0.189,Sep
1926,9,-0.104,Sep
1927,9,-0.132,Sep
1928,9,-0.223,Sep
1929,9,-0.267,Sep
1930,9,-0.078,Sep
1931,9,-0.047,Sep
1932,9,-0.037,Sep
1933,9,-0.234,Sep
1934,9,-0.094,Sep
1935,9,-0.136,Sep
1936,9,-0.105,Sep
1937,9,0.112,Sep
1938,9,0.063,Sep
1939,9,-0.072,Sep
1940,9,0.124,Sep
1941,9,-0.129,Sep
1942,9,0.005,Sep
1943,9,-0.014,Sep
1944,9,0.303,Sep
1945,9,0.162,Sep
1946,9,-0.007,Sep
1947,9,-0.075,Sep
1948,9,-0.057,Sep
1949,9,-0.072,Sep
1950,9,-0.106,Sep
1951,9,0.093,Sep
1952,9,0.098,Sep
1953,9,0.076,Sep
1954,9,-0.087,Sep
1955,9,-0.117,Sep
1956,9,-0.281,Sep
1957,9,0.038,Sep
1958,9,-0.052,Sep
1959,9,0.038,Sep
1960,9,0.062,Sep
1961,9,-0.029,Sep
1962,9,-0.014,Sep
1963,9,0.126,Sep
1964,9,-0.284,Sep
1965,9,-0.095,Sep
1966,9,-0.04,Sep
1967,9,-0.097,Sep
1968,9,-0.086,Sep
1969,9,0.015,Sep
1970,9,-0.039,Sep
1971,9,-0.123,Sep
1972,9,-0.059,Sep
1973,9,-0.038,Sep
1974,9,-0.129,Sep
1975,9,-0.126,Sep
1976,9,-0.164,Sep
1977,9,0.032,Sep
1978,9,-0.054,Sep
1979,9,0.092,Sep
1980,9,0.037,Sep
1981,9,0.072,Sep
1982,9,0.074,Sep
1983,9,0.188,Sep
1984,9,0.036,Sep
1985,9,-0.03,Sep
1986,9,0.013,Sep
1987,9,0.272,Sep
1988,9,0.188,Sep
1989,9,0.145,Sep
1990,9,0.175,Sep
1991,9,0.243,Sep
1992,9,-0.059,Sep
1993,9,0.062,Sep
1994,9,0.187,Sep
1995,9,0.252,Sep
1996,9,0.099,Sep
1997,9,0.475,Sep
1998,9,0.392,Sep
1999,9,0.298,Sep
2000,9,0.307,Sep
2001,9,0.418,Sep
2002,9,0.42,Sep
2003,9,0.542,Sep
2004,9,0.442,Sep
2005,9,0.566,Sep
2006,9,0.499,Sep
2007,9,0.459,Sep
2008,9,0.406,Sep
2009,9,0.564,Sep
2010,9,0.442,Sep
2011,9,0.454,Sep
2012,9,0.553,Sep
2013,9,0.535,Sep
2014,9,0.589,Sep
2015,9,0.784,Sep
1850,10,-0.452,Oct
1851,10,-0.063,Oct
1852,10,-0.216,Oct
1853,10,-0.359,Oct
1854,10,-0.188,Oct
1855,10,-0.211,Oct
1856,10,-0.384,Oct
1857,10,-0.467,Oct
1858,10,-0.2,Oct
1859,10,-0.255,Oct
1860,10,-0.198,Oct
1861,10,-0.355,Oct
1862,10,-0.42,Oct
1863,10,-0.381,Oct
1864,10,-0.701,Oct
1865,10,-0.272,Oct
1866,10,-0.417,Oct
1867,10,-0.179,Oct
1868,10,-0.232,Oct
1869,10,-0.422,Oct
1870,10,-0.393,Oct
1871,10,-0.479,Oct
1872,10,-0.225,Oct
1873,10,-0.402,Oct
1874,10,-0.436,Oct
1875,10,-0.371,Oct
1876,10,-0.385,Oct
1877,10,0.055,Oct
1878,10,-0.12,Oct
1879,10,-0.121,Oct
1880,10,-0.387,Oct
1881,10,-0.284,Oct
1882,10,-0.337,Oct
1883,10,-0.381,Oct
1884,10,-0.322,Oct
1885,10,-0.249,Oct
1886,10,-0.363,Oct
1887,10,-0.506,Oct
1888,10,-0.106,Oct
1889,10,-0.299,Oct
1890,10,-0.504,Oct
1891,10,-0.332,Oct
1892,10,-0.444,Oct
1893,10,-0.271,Oct
1894,10,-0.443,Oct
1895,10,-0.343,Oct
1896,10,-0.13,Oct
1897,10,-0.262,Oct
1898,10,-0.561,Oct
1899,10,-0.189,Oct
1900,10,-0.06,Oct
1901,10,-0.298,Oct
1902,10,-0.486,Oct
1903,10,-0.658,Oct
1904,10,-0.48,Oct
1905,10,-0.37,Oct
1906,10,-0.353,Oct
1907,10,-0.359,Oct
1908,10,-0.586,Oct
1909,10,-0.48,Oct
1910,10,-0.484,Oct
1911,10,-0.465,Oct
1912,10,-0.643,Oct
1913,10,-0.429,Oct
1914,10,-0.153,Oct
1915,10,-0.259,Oct
1916,10,-0.403,Oct
1917,10,-0.39,Oct
1918,10,-0.098,Oct
1919,10,-0.305,Oct
1920,10,-0.224,Oct
1921,10,-0.139,Oct
1922,10,-0.322,Oct
1923,10,-0.264,Oct
1924,10,-0.313,Oct
1925,10,-0.305,Oct
1926,10,-0.085,Oct
1927,10,-0.04,Oct
1928,10,-0.169,Oct
1929,10,-0.18,Oct
1930,10,-0.093,Oct
1931,10,-0.04,Oct
1932,10,-0.172,Oct
1933,10,-0.198,Oct
1934,10,-0.084,Oct
1935,10,-0.076,Oct
1936,10,-0.003,Oct
1937,10,0.121,Oct
1938,10,0.147,Oct
1939,10,-0.273,Oct
1940,10,0.013,Oct
1941,10,0.219,Oct
1942,10,-0.076,Oct
1943,10,0.237,Oct
1944,10,0.212,Oct
1945,10,0.185,Oct
1946,10,-0.048,Oct
1947,10,0.077,Oct
1948,10,0.031,Oct
1949,10,-0.032,Oct
1950,10,-0.125,Oct
1951,10,0.129,Oct
1952,10,-0.009,Oct
1953,10,0.073,Oct
1954,10,-0.036,Oct
1955,10,-0.164,Oct
1956,10,-0.23,Oct
1957,10,-0.013,Oct
1958,10,0.015,Oct
1959,10,-0.035,Oct
1960,10,-0.027,Oct
1961,10,-0.031,Oct
1962,10,0.045,Oct
1963,10,0.224,Oct
1964,10,-0.268,Oct
1965,10,-0.03,Oct
1966,10,-0.105,Oct
1967,10,0.06,Oct
1968,10,-0.018,Oct
1969,10,0.023,Oct
1970,10,-0.074,Oct
1971,10,-0.16,Oct
1972,10,0.002,Oct
1973,10,-0.041,Oct
1974,10,-0.215,Oct
1975,10,-0.228,Oct
1976,10,-0.313,Oct
1977,10,-0.006,Oct
1978,10,-0.116,Oct
1979,10,0.131,Oct
1980,10,0.007,Oct
1981,10,0.003,Oct
1982,10,0.005,Oct
1983,10,0.099,Oct
1984,10,-0.023,Oct
1985,10,0.021,Oct
1986,10,0.064,Oct
1987,10,0.2,Oct
1988,10,0.146,Oct
1989,10,0.154,Oct
1990,10,0.33,Oct
1991,10,0.187,Oct
1992,10,-0.05,Oct
1993,10,0.098,Oct
1994,10,0.307,Oct
1995,10,0.329,Oct
1996,10,0.135,Oct
1997,10,0.554,Oct
1998,10,0.404,Oct
1999,10,0.254,Oct
2000,10,0.222,Oct
2001,10,0.417,Oct
2002,10,0.407,Oct
2003,10,0.612,Oct
2004,10,0.472,Oct
2005,10,0.608,Oct
2006,10,0.562,Oct
2007,10,0.481,Oct
2008,10,0.547,Oct
2009,10,0.515,Oct
2010,10,0.496,Oct
2011,10,0.453,Oct
2012,10,0.556,Oct
2013,10,0.497,Oct
2014,10,0.626,Oct
2015,10,0.82,Oct
1850,11,-0.19,Nov
1851,11,-0.03,Nov
1852,11,-0.187,Nov
1853,11,-0.256,Nov
1854,11,-0.369,Nov
1855,11,-0.212,Nov
1856,11,-0.608,Nov
1857,11,-0.665,Nov
1858,11,-0.644,Nov
1859,11,-0.316,Nov
1860,11,-0.508,Nov
1861,11,-0.424,Nov
1862,11,-0.753,Nov
1863,11,-0.333,Nov
1864,11,-0.468,Nov
1865,11,-0.191,Nov
1866,11,-0.301,Nov
1867,11,-0.309,Nov
1868,11,-0.5,Nov
1869,11,-0.375,Nov
1870,11,-0.164,Nov
1871,11,-0.54,Nov
1872,11,-0.243,Nov
1873,11,-0.466,Nov
1874,11,-0.503,Nov
1875,11,-0.5,Nov
1876,11,-0.575,Nov
1877,11,0.104,Nov
1878,11,-0.203,Nov
1879,11,-0.386,Nov
1880,11,-0.408,Nov
1881,11,-0.341,Nov
1882,11,-0.313,Nov
1883,11,-0.305,Nov
1884,11,-0.558,Nov
1885,11,-0.261,Nov
1886,11,-0.422,Nov
1887,11,-0.408,Nov
1888,11,-0.197,Nov
1889,11,-0.399,Nov
1890,11,-0.57,Nov
1891,11,-0.546,Nov
1892,11,-0.627,Nov
1893,11,-0.415,Nov
1894,11,-0.424,Nov
1895,11,-0.302,Nov
1896,11,-0.293,Nov
1897,11,-0.46,Nov
1898,11,-0.454,Nov
1899,11,0.027,Nov
1900,11,-0.262,Nov
1901,11,-0.446,Nov
1902,11,-0.534,Nov
1903,11,-0.627,Nov
1904,11,-0.386,Nov
1905,11,-0.224,Nov
1906,11,-0.43,Nov
1907,11,-0.581,Nov
1908,11,-0.595,Nov
1909,11,-0.432,Nov
1910,11,-0.653,Nov
1911,11,-0.378,Nov
1912,11,-0.515,Nov
1913,11,-0.27,Nov
1914,11,-0.176,Nov
1915,11,-0.14,Nov
1916,11,-0.573,Nov
1917,11,-0.396,Nov
1918,11,-0.033,Nov
1919,11,-0.531,Nov
1920,11,-0.284,Nov
1921,11,-0.301,Nov
1922,11,-0.288,Nov
1923,11,-0.02,Nov
1924,11,-0.362,Nov
1925,11,-0.056,Nov
1926,11,-0.109,Nov
1927,11,-0.173,Nov
1928,11,-0.157,Nov
1929,11,-0.074,Nov
1930,11,0.076,Nov
1931,11,-0.148,Nov
1932,11,-0.231,Nov
1933,11,-0.31,Nov
1934,11,0.024,Nov
1935,11,-0.299,Nov
1936,11,-0.07,Nov
1937,11,0.002,Nov
1938,11,0.019,Nov
1939,11,-0.121,Nov
1940,11,-0.06,Nov
1941,11,0.053,Nov
1942,11,-0.072,Nov
1943,11,0.027,Nov
1944,11,0.009,Nov
1945,11,-0.012,Nov
1946,11,-0.091,Nov
1947,11,0.043,Nov
1948,11,-0.051,Nov
1949,11,-0.077,Nov
1950,11,-0.391,Nov
1951,11,-0.038,Nov
1952,11,-0.189,Nov
1953,11,-0.073,Nov
1954,11,0.022,Nov
1955,11,-0.313,Nov
1956,11,-0.259,Nov
1957,11,0.056,Nov
1958,11,0.012,Nov
1959,11,-0.112,Nov
1960,11,-0.15,Nov
1961,11,-0.02,Nov
1962,11,0.009,Nov
1963,11,0.161,Nov
1964,11,-0.297,Nov
1965,11,-0.14,Nov
1966,11,-0.096,Nov
1967,11,-0.064,Nov
1968,11,-0.07,Nov
1969,11,0.132,Nov
1970,11,-0.049,Nov
1971,11,-0.08,Nov
1972,11,-0.005,Nov
1973,11,-0.095,Nov
1974,11,-0.211,Nov
1975,11,-0.313,Nov
1976,11,-0.176,Nov
1977,11,0.137,Nov
1978,11,0.045,Nov
1979,11,0.147,Nov
1980,11,0.131,Nov
1981,11,0.071,Nov
1982,11,-0.01,Nov
1983,11,0.257,Nov
1984,11,-0.124,Nov
1985,11,-0.077,Nov
1986,11,-0.004,Nov
1987,11,0.196,Nov
1988,11,0.03,Nov
1989,11,0.062,Nov
1990,11,0.316,Nov
1991,11,0.158,Nov
1992,11,-0.089,Nov
1993,11,-0.046,Nov
1994,11,0.308,Nov
1995,11,0.322,Nov
1996,11,0.149,Nov
1997,11,0.498,Nov
1998,11,0.295,Nov
1999,11,0.237,Nov
2000,11,0.162,Nov
2001,11,0.611,Nov
2002,11,0.449,Nov
2003,11,0.459,Nov
2004,11,0.6,Nov
2005,11,0.629,Nov
2006,11,0.541,Nov
2007,11,0.387,Nov
2008,11,0.524,Nov
2009,11,0.545,Nov
2010,11,0.593,Nov
2011,11,0.347,Nov
2012,11,0.554,Nov
2013,11,0.639,Nov
2014,11,0.489,Nov
2015,11,0.81,Nov
1850,12,-0.268,Dec
1851,12,-0.067,Dec
1852,12,0.083,Dec
1853,12,-0.444,Dec
1854,12,-0.232,Dec
1855,12,-0.51,Dec
1856,12,-0.44,Dec
1857,12,-0.356,Dec
1858,12,-0.3,Dec
1859,12,-0.363,Dec
1860,12,-0.752,Dec
1861,12,-0.253,Dec
1862,12,-0.889,Dec
1863,12,-0.351,Dec
1864,12,-0.602,Dec
1865,12,-0.338,Dec
1866,12,-0.337,Dec
1867,12,-0.624,Dec
1868,12,-0.12,Dec
1869,12,-0.355,Dec
1870,12,-0.723,Dec
1871,12,-0.56,Dec
1872,12,-0.424,Dec
1873,12,-0.277,Dec
1874,12,-0.407,Dec
1875,12,-0.495,Dec
1876,12,-0.71,Dec
1877,12,0.172,Dec
1878,12,-0.36,Dec
1879,12,-0.517,Dec
1880,12,-0.295,Dec
1881,12,-0.138,Dec
1882,12,-0.463,Dec
1883,12,-0.324,Dec
1884,12,-0.416,Dec
1885,12,-0.156,Dec
1886,12,-0.427,Dec
1887,12,-0.397,Dec
1888,12,-0.176,Dec
1889,12,-0.175,Dec
1890,12,-0.407,Dec
1891,12,-0.124,Dec
1892,12,-0.794,Dec
1893,12,-0.352,Dec
1894,12,-0.404,Dec
1895,12,-0.318,Dec
1896,12,-0.032,Dec
1897,12,-0.484,Dec
1898,12,-0.361,Dec
1899,12,-0.457,Dec
1900,12,-0.087,Dec
1901,12,-0.442,Dec
1902,12,-0.524,Dec
1903,12,-0.604,Dec
1904,12,-0.417,Dec
1905,12,-0.205,Dec
1906,12,-0.283,Dec
1907,12,-0.535,Dec
1908,12,-0.577,Dec
1909,12,-0.6,Dec
1910,12,-0.669,Dec
1911,12,-0.291,Dec
1912,12,-0.487,Dec
1913,12,-0.238,Dec
1914,12,-0.245,Dec
1915,12,-0.256,Dec
1916,12,-0.627,Dec
1917,12,-0.624,Dec
1918,12,-0.227,Dec
1919,12,-0.456,Dec
1920,12,-0.345,Dec
1921,12,-0.153,Dec
1922,12,-0.304,Dec
1923,12,-0.004,Dec
1924,12,-0.526,Dec
1925,12,0.007,Dec
1926,12,-0.234,Dec
1927,12,-0.425,Dec
1928,12,-0.235,Dec
1929,12,-0.473,Dec
1930,12,-0.072,Dec
1931,12,-0.101,Dec
1932,12,-0.192,Dec
1933,12,-0.525,Dec
1934,12,-0.132,Dec
1935,12,-0.264,Dec
1936,12,-0.009,Dec
1937,12,-0.101,Dec
1938,12,-0.293,Dec
1939,12,0.216,Dec
1940,12,0.159,Dec
1941,12,0.101,Dec
1942,12,0.013,Dec
1943,12,0.198,Dec
1944,12,-0.02,Dec
1945,12,-0.206,Dec
1946,12,-0.357,Dec
1947,12,-0.175,Dec
1948,12,-0.203,Dec
1949,12,-0.188,Dec
1950,12,-0.254,Dec
1951,12,0.174,Dec
1952,12,-0.06,Dec
1953,12,0.09,Dec
1954,12,-0.235,Dec
1955,12,-0.336,Dec
1956,12,-0.207,Dec
1957,12,0.158,Dec
1958,12,0.027,Dec
1959,12,-0.07,Dec
1960,12,0.141,Dec
1961,12,-0.112,Dec
1962,12,-0.01,Dec
1963,12,-0.007,Dec
1964,12,-0.356,Dec
1965,12,-0.066,Dec
1966,12,-0.144,Dec
1967,12,-0.151,Dec
1968,12,-0.11,Dec
1969,12,0.194,Dec
1970,12,-0.165,Dec
1971,12,-0.204,Dec
1972,12,0.183,Dec
1973,12,-0.108,Dec
1974,12,-0.237,Dec
1975,12,-0.304,Dec
1976,12,-0.081,Dec
1977,12,-0.056,Dec
1978,12,-0.1,Dec
1979,12,0.356,Dec
1980,12,0.058,Dec
1981,12,0.267,Dec
1982,12,0.253,Dec
1983,12,0.083,Dec
1984,12,-0.277,Dec
1985,12,0.013,Dec
1986,12,0.01,Dec
1987,12,0.322,Dec
1988,12,0.149,Dec
1989,12,0.21,Dec
1990,12,0.247,Dec
1991,12,0.125,Dec
1992,12,0.078,Dec
1993,12,0.119,Dec
1994,12,0.245,Dec
1995,12,0.127,Dec
1996,12,0.234,Dec
1997,12,0.505,Dec
1998,12,0.473,Dec
1999,12,0.383,Dec
2000,12,0.151,Dec
2001,12,0.37,Dec
2002,12,0.327,Dec
2003,12,0.595,Dec
2004,12,0.359,Dec
2005,12,0.472,Dec
2006,12,0.698,Dec
2007,12,0.349,Dec
2008,12,0.391,Dec
2009,12,0.474,Dec
2010,12,0.343,Dec
2011,12,0.401,Dec
2012,12,0.275,Dec
2013,12,0.508,Dec
2014,12,0.634,Dec
2015,12,1.01,Dec
